timestamp,frame,mouse_x,mouse_y,square_x,square_y,dot_x,dot_y,cluster_id,participant,session,trial_num,phase,angle_bias,expect_level,prop_used,conf_level,agency_rating
0.00014383415691554546,1,1.0,0.0,150.07978863763864,0.11418851965766692,-150.02073494334587,-0.198922251456299,3,,001,1,practice,90,high,0.6,2,
0.0027797920629382133,2,-86.0,152.0,145.8934008728165,-11.004667439974957,-154.9411260056694,-35.040515488784344,3,,001,1,practice,90,high,0.6,2,
0.01657741703093052,3,-86.0,152.0,142.54429066095878,-19.899752207681058,-158.8774388555282,-62.91379007864678,3,,001,1,practice,90,high,0.6,2,
0.029634500155225396,4,-138.0,163.0,142.79029300084858,-33.49562930232177,-160.17197088141515,-95.67953743895154,3,,001,1,practice,90,high,0.6,2,
0.031904750037938356,5,-184.0,166.0,146.2700275794986,-50.46595218944232,-157.38364804486795,-130.28126032306017,3,,001,1,practice,90,high,0.6,2,
0.048569542123004794,6,-184.0,166.0,149.0538152424186,-64.04221049913876,-155.1529897756302,-157.96263863034707,3,,001,1,practice,90,high,0.6,2,
0.06358545902185142,7,-242.0,165.0,155.9837238054109,-82.59343990160424,-151.1082491930992,-191.48717152653367,3,,001,1,practice,90,high,0.6,2,
0.0660679591819644,8,-286.0,160.0,165.35622719855724,-104.17274214991474,-134.6218984987902,-210.6583595411809,3,,001,1,practice,90,high,0.6,2,
0.08168929209932685,9,-286.0,160.0,172.8542299130743,-121.43618394856314,-119.25744869016877,-219.7217807408081,3,,001,1,practice,90,high,0.6,2,
0.09805100015364587,10,-327.0,149.0,177.0940491100513,-141.60050875587524,-102.25194230332052,-228.1327251737427,3,,001,1,practice,90,high,0.6,2,
0.1153365841601044,11,-358.0,137.0,179.42227152343338,-162.34852985491344,-86.18576260635221,-234.67427282077918,3,,001,1,practice,90,high,0.6,2,
0.13125887513160706,12,-369.0,131.0,176.9336578763144,-176.6195932237058,-73.29245999793136,-239.01509430881478,3,,001,1,practice,90,high,0.6,2,
0.1495836670510471,13,-379.0,122.0,170.51675843871848,-182.82241408413716,-63.02752266660004,-241.92463989125042,3,,001,1,practice,90,high,0.6,2,
0.16374062513932586,14,-382.0,116.0,165.8493590359593,-187.06680653542327,-55.14949726485946,-243.8412043757848,3,,001,1,practice,90,high,0.6,2,
0.16636062506586313,15,-385.0,101.0,163.49982803857657,-189.12378547225597,-49.246021599581304,-245.1016714684205,3,,001,1,practice,90,high,0.6,2,
0.18189916713163257,16,-385.0,101.0,161.6782043818946,-190.68339788205563,-44.77361101832758,-245.9579715243633,3,,001,1,practice,90,high,0.6,2,
0.19681925000622869,17,-386.0,83.0,162.1334316401996,-190.29648011608808,-41.76675323107714,-246.48638567785912,3,,001,1,practice,90,high,0.6,2,
0.1996159590780735,18,-383.0,65.0,164.5878601712926,-188.17767211929007,-40.43341215874205,-246.70861189103488,3,,001,1,practice,90,high,0.6,2,
0.21363741718232632,19,-383.0,65.0,166.46594420024255,-186.51833534942813,-39.41827556073839,-246.87284085499908,3,,001,1,practice,90,high,0.6,2,
0.21631749998778105,20,-375.0,44.0,170.63832393680252,-182.70895545659178,-40.37829359929659,-246.71763902487598,3,,001,1,practice,90,high,0.6,2,
0.2303713341243565,21,-375.0,44.0,173.8189657190599,-179.68574555694812,-41.11201947308174,-246.5964352030356,3,,001,1,practice,90,high,0.6,2,
0.23299583396874368,22,-362.0,29.0,178.68614402409855,-174.84639525537585,-43.37067471681819,-246.20922926366498,3,,001,1,practice,90,high,0.6,2,
0.24874854204244912,23,-362.0,29.0,182.3950532594137,-170.97381245821137,-45.10407255246033,-245.89758567172302,3,,001,1,practice,90,high,0.6,2,
0.2637061250861734,24,-321.0,5.0,190.65830804117255,-161.70779070557285,-50.97657564762997,-244.7476021031492,3,,001,1,practice,90,high,0.6,2,
0.2662139171734452,25,-262.0,-18.0,203.10933065093084,-145.76213432346157,-60.969860677518405,-242.45138912566367,3,,001,1,practice,90,high,0.6,2,
0.2797523341141641,26,-262.0,-18.0,211.88149040091935,-132.68848490161116,-68.31394110627049,-240.48535392104242,3,,001,1,practice,90,high,0.6,2,
0.28228245908394456,27,-207.0,-31.0,222.36619618950868,-114.2509290649706,-77.81699843088592,-237.58054372192913,3,,001,1,practice,90,high,0.6,2,
0.2969941671472043,28,-207.0,-31.0,229.39765808762075,-99.38166060151671,-84.74412740170774,-235.19870933090408,3,,001,1,practice,90,high,0.6,2,
0.29950783401727676,29,-140.0,-35.0,237.40632600146796,-78.34689766981663,-93.58369810111886,-231.8234057417815,3,,001,1,practice,90,high,0.6,2,
0.3165467500220984,30,-140.0,-35.0,242.27168309200133,-61.68007434957311,-99.94780317065809,-229.1515582346308,3,,001,1,practice,90,high,0.6,2,
0.3316872089635581,31,-75.0,-30.0,246.7729458350424,-40.03889613732167,-107.75715554037942,-225.58456381110494,3,,001,1,practice,90,high,0.6,2,
0.3478120840154588,32,-27.0,-15.0,249.41932779915584,-17.029354662383543,-115.5389374439443,-221.6996931308754,3,,001,1,practice,90,high,0.6,2,
0.36505854199640453,33,32.0,13.0,249.86805132142695,8.121387124915593,-123.62755380413793,-217.29295418951108,3,,001,1,practice,90,high,0.6,2,
0.3815457499586046,34,85.0,51.0,247.68545980320286,33.93984387229825,-131.63842154140244,-212.53546991993605,3,,001,1,practice,90,high,0.6,2,
0.3984941670205444,35,142.0,104.0,242.49502405166663,60.796079727081015,-139.76089322252471,-207.28456943449032,3,,001,1,practice,90,high,0.6,2,
0.4145835000090301,36,171.0,139.0,235.16871288039383,84.82733334355665,-146.61217334293224,-202.49659411373315,3,,001,1,practice,90,high,0.6,2,
0.4326937501318753,37,179.0,163.0,227.17519197757022,104.36202446270435,-152.01663501238096,-198.47151604074713,3,,001,1,practice,90,high,0.6,2,
0.44939662516117096,38,173.0,181.0,219.6874430079062,119.32069135170134,-156.348005222147,-195.07768007400406,3,,001,1,practice,90,high,0.6,2,
0.4653486250899732,39,145.0,199.0,213.6702638345549,129.78835985122734,-160.54084630389195,-191.64194913439528,3,,001,1,practice,90,high,0.6,2,
0.4813645000103861,40,89.0,222.0,209.34976077305814,136.64800644086736,-165.62531007057783,-187.26520409308546,3,,001,1,practice,90,high,0.6,2,
0.5002442090772092,41,27.0,240.0,206.55351334789208,140.83907882275494,-171.3452664388994,-182.0461470863434,3,,001,1,practice,90,high,0.6,2,
0.5145910840947181,42,-38.0,250.0,205.0347577401017,142.57785634108373,-177.35772568400927,-176.1937488681018,3,,001,1,practice,90,high,0.6,2,
0.531816208967939,43,-122.0,255.0,202.18372036540845,140.54057256504618,-183.88609591476262,-169.36913452346246,3,,001,1,practice,90,high,0.6,2,
0.5492129169870168,44,-192.0,254.0,198.07326061192293,135.76101634041714,-189.8845118701921,-162.61571926421772,3,,001,1,practice,90,high,0.6,2,
0.565188875189051,45,-274.0,244.0,192.7375981796334,127.85312305699244,-195.56364141453463,-155.73972568579705,3,,001,1,practice,90,high,0.6,2,
0.5811797501519322,46,-334.0,232.0,187.15379920345202,118.37280553484821,-200.45625262660096,-149.38972783595378,3,,001,1,practice,90,high,0.6,2,
0.5985471671447158,47,-411.0,210.0,181.3126977262462,106.5415970688716,-205.1516669354902,-142.87334794701806,3,,001,1,practice,90,high,0.6,2,
0.6155375840608031,48,-453.0,192.0,176.29056380450643,94.69498517964657,-208.9795691685479,-137.2134821004412,3,,001,1,practice,90,high,0.6,2,
0.6319828340783715,49,-474.0,177.0,172.57114394323742,84.11447331311604,-211.9128978313825,-132.63831924713924,3,,001,1,practice,90,high,0.6,2,
0.6485967091284692,50,-490.0,160.0,170.18887096927412,74.91114459910867,-214.25810007971916,-128.8156300696039,3,,001,1,practice,90,high,0.6,2,
0.663264041999355,51,-496.0,146.0,168.96279061159692,67.52438102749593,-216.10458425550712,-125.69331192929249,3,,001,1,practice,90,high,0.6,2,
0.6661992920562625,52,-495.0,126.0,169.0208677326377,62.5799077459578,-217.72464865105306,-122.86568833395066,3,,001,1,practice,90,high,0.6,2,
0.6799961670767516,53,-495.0,126.0,169.0673294294703,58.62432912072729,-218.85908690664445,-120.83335664620857,3,,001,1,practice,90,high,0.6,2,
0.6829738749656826,54,-485.0,96.0,170.50246565022124,57.90527782511722,-220.27004949185323,-118.24172400999791,3,,001,1,practice,90,high,0.6,2,
0.6981518340762705,55,-485.0,96.0,171.650574626822,57.33003678862916,-221.27988580718548,-116.34093061841551,3,,001,1,practice,90,high,0.6,2,
0.7023167500738055,56,-471.0,73.0,173.45409815431785,59.61027372938395,-222.57765637015186,-113.83842446542634,3,,001,1,practice,90,high,0.6,2,
0.7164482090156525,57,-471.0,73.0,174.89691697631451,61.43446328198778,-223.52180402646255,-111.97322503507556,3,,001,1,practice,90,high,0.6,2,
0.7326185000129044,58,-439.0,42.0,176.65755899397848,68.4685811439278,-225.2040762702862,-108.550099176588,3,,001,1,practice,90,high,0.6,2,
0.7480150000192225,59,-405.0,21.0,177.7666776439235,79.68312857609448,-227.2626116747577,-104.17151882721245,3,,001,1,practice,90,high,0.6,2,
0.7645277499686927,60,-327.0,-3.0,175.68359860112628,100.91254575702487,-230.33830850060178,-97.1816013300954,3,,001,1,practice,90,high,0.6,2,
0.7840073341503739,61,-243.0,-15.0,169.25282660691332,130.73044926832105,-233.83260698092937,-88.44383479079937,3,,001,1,practice,90,high,0.6,2,
0.7971826670691371,62,-177.0,-19.0,159.66115082176557,164.429583131604,-236.97654230026345,-79.63741833718265,3,,001,1,practice,90,high,0.6,2,
0.8004739170428365,63,-97.0,-20.0,145.9781955965099,202.95409926972926,-239.86265200873856,-70.46920016102615,3,,001,1,practice,90,high,0.6,2,
0.8137209170963615,64,-97.0,-20.0,125.05118334415744,216.47679216079015,-241.6174895616171,-64.19492766521255,3,,001,1,practice,90,high,0.6,2,
0.8168165001552552,65,-38.0,-16.0,101.82590528597031,228.32320296608617,-243.2118791691645,-57.86174756264911,3,,001,1,practice,90,high,0.6,2,
0.829859167104587,66,-38.0,-16.0,83.94512957190904,235.485063690153,-244.2204089889308,-53.445222735801,3,,001,1,practice,90,high,0.6,2,
0.8326578750275075,67,32.0,-5.0,62.106658100027296,242.1626788331479,-245.2624491830597,-48.43894116025946,3,,001,1,practice,90,high,0.6,2,
0.8481840421445668,68,32.0,-5.0,45.69654835706606,245.78817194537726,-245.9305466252901,-44.9240051262797,3,,001,1,practice,90,high,0.6,2,
0.8632625001482666,69,100.0,12.0,25.522437241043296,248.69379806757752,-246.59569766834045,-41.11644307894897,3,,001,1,practice,90,high,0.6,2,
0.8660669170785695,70,141.0,29.0,5.448946187164675,249.94061091677236,-247.10647132123833,-37.92613651779004,3,,001,1,practice,90,high,0.6,2,
0.881409167079255,71,141.0,29.0,-9.251409647098027,249.8287641956818,-247.44090240317425,-35.67912299794919,3,,001,1,practice,90,high,0.6,2,
0.8964512089733034,72,204.0,59.0,-27.55591445208808,248.47670228556478,-247.6186368601244,-34.42398407409901,3,,001,1,practice,90,high,0.6,2,
0.8991277499590069,73,249.0,79.0,-45.29934922751358,245.86168664426705,-247.631959963507,-34.328011952806975,3,,001,1,practice,90,high,0.6,2,
0.9149984170217067,74,249.0,79.0,-58.00986453734876,243.17659347963254,-247.64130636573952,-34.26052220077698,3,,001,1,practice,90,high,0.6,2,
0.9326655841432512,75,268.0,87.0,-68.82692148941085,240.33904151903926,-247.527983041032,-35.06989608822026,3,,001,1,practice,90,high,0.6,2,
0.9485091250389814,76,278.0,92.0,-77.6105478032745,237.64806515028826,-247.35593073760643,-36.26352890898053,3,,001,1,practice,90,high,0.6,2,
0.9661769999656826,77,278.0,93.0,-84.26590417475704,235.37046839739827,-247.21590457014815,-37.20613561717237,3,,001,1,practice,90,high,0.6,2,
0.983169584069401,78,278.0,95.0,-89.57479989079386,233.4017035596018,-247.08469560659748,-38.06774483726424,3,,001,1,practice,90,high,0.6,2,
0.9980717501603067,79,273.0,100.0,-94.70692564166009,231.36680452369362,-246.8804294373377,-39.37071958747652,3,,001,1,practice,90,high,0.6,2,
1.015389584004879,80,238.0,117.0,-104.0010858043731,227.34065661801768,-246.05973383503425,-44.21094191523272,3,,001,1,practice,90,high,0.6,2,
1.0323382089845836,81,163.0,140.0,-121.02419867735912,218.75361330616485,-243.7450975968926,-55.572721703019916,3,,001,1,practice,90,high,0.6,2,
1.0486496251542121,82,103.0,153.0,-141.06906999394286,206.39650552042795,-240.13918999568688,-69.52099990805209,3,,001,1,practice,90,high,0.6,2,
1.0641117920167744,83,17.0,161.0,-164.78967198977043,188.00096809725176,-234.4653202187759,-86.7526000458019,3,,001,1,practice,90,high,0.6,2,
1.0807335840072483,84,-33.0,162.0,-186.15578918215343,166.87127420251113,-228.10342026844532,-102.31729893735957,3,,001,1,practice,90,high,0.6,2,
1.0835038339719176,85,-67.0,159.0,-203.42701041085937,145.31844836530604,-221.8108344958873,-115.32542521160755,3,,001,1,practice,90,high,0.6,2,
1.0965437090490013,86,-67.0,159.0,-215.1773874745033,127.2740818849127,-216.93298708553263,-124.2581148824822,3,,001,1,practice,90,high,0.6,2,
1.0993587921839207,87,-109.0,154.0,-225.43262338596332,108.07466082908797,-211.4559959427304,-133.36551945637217,3,,001,1,practice,90,high,0.6,2,
1.1154354591853917,88,-109.0,154.0,-232.2339428784798,92.56022782553535,-207.28428412087254,-139.76131638081188,3,,001,1,practice,90,high,0.6,2,
1.1314261250663549,89,-157.0,141.0,-238.45980249825863,75.07944187653165,-201.58960069407374,-147.8567985991984,3,,001,1,practice,90,high,0.6,2,
1.149234542157501,90,-209.0,123.0,-243.70274045982384,55.75817691040242,-194.07249046227608,-157.59399876191284,3,,001,1,practice,90,high,0.6,2,
1.1657950000371784,91,-237.0,112.0,-247.15046015356677,37.638411840567954,-186.36379684546932,-166.63893670250243,3,,001,1,practice,90,high,0.6,2,
1.1825260419864208,92,-264.0,100.0,-249.14024467402706,20.715657937075765,-178.15837119795208,-175.384134892791,3,,001,1,practice,90,high,0.6,2,
1.1983131251763552,93,-280.0,90.0,-249.92967691433861,5.929299916038177,-170.2137669841304,-183.10454262271094,3,,001,1,practice,90,high,0.6,2,
1.216416709125042,94,-292.0,81.0,-249.90896492212428,-6.746054517452745,-162.5973192416993,-189.9002679708824,3,,001,1,practice,90,high,0.6,2,
1.2318763751536608,95,-311.0,65.0,-249.3225175178781,-18.39245112940008,-153.7761373870737,-197.11138873822546,3,,001,1,practice,90,high,0.6,2,
1.2491750840563327,96,-320.0,52.0,-248.39887863132034,-28.24884236039749,-144.85033686937504,-203.7605945928421,3,,001,1,practice,90,high,0.6,2,
1.2650470840744674,97,-324.0,40.0,-247.36510818686793,-36.20087363171106,-136.10716264114072,-209.70178892364765,3,,001,1,practice,90,high,0.6,2,
1.2823781671468168,98,-325.0,25.0,-246.40066150490833,-42.269539977903264,-126.97650592839388,-215.35312150562518,3,,001,1,practice,90,high,0.6,2,
1.2986842091195285,99,-319.0,7.0,-245.73992369846997,-45.95530329211371,-116.7474919586865,-221.06565341851825,3,,001,1,practice,90,high,0.6,2,
1.3158057499676943,100,-290.0,-20.0,-245.66690411652021,-44.26781160927355,-101.98545168070255,-228.25198278543624,3,,001,1,practice,90,high,0.6,2,
1.3324355841614306,101,-243.0,-45.0,-246.41934195446086,-35.376504092523966,-81.07016902700124,-236.49022748082731,3,,001,1,practice,90,high,0.6,2,
1.3463722090236843,102,-184.0,-63.0,-249.07321784237743,-18.612138847269243,-53.933837000728566,-244.11296816510762,3,,001,1,practice,90,high,0.6,2,
1.3489777920767665,103,-116.0,-72.0,-249.917175634379,6.434696802100161,-21.47220960207394,-249.0761815485467,3,,001,1,practice,90,high,0.6,2,
1.3633350001182407,104,-116.0,-72.0,-248.64492397151372,25.99426442891135,2.8438448045998674,-249.9838245701657,3,,001,1,practice,90,high,0.6,2,
1.3662734171375632,105,-42.0,-74.0,-244.15536730131373,53.7415725296588,32.24378592315115,-247.9119566889463,3,,001,1,practice,90,high,0.6,2,
1.3813657921273261,106,-42.0,-74.0,-238.6253116346227,74.55173134997733,53.50249662495254,-244.2078681265142,3,,001,1,practice,90,high,0.6,2,
1.3992884170729667,107,30.0,-72.0,-228.36275311719368,101.73717604069634,78.26646773931091,-237.43285372418748,3,,001,1,practice,90,high,0.6,2,
1.4156797921750695,108,118.0,-63.0,-211.43487059385765,133.3990086056065,105.52408087102218,-226.63774698034297,3,,001,1,practice,90,high,0.6,2,
1.4324066671542823,109,193.0,-48.0,-189.53930945957137,163.01794431776165,130.65728936815432,-213.14003081299953,3,,001,1,practice,90,high,0.6,2,
1.4485120000317693,110,238.0,-31.0,-167.47233989107644,185.61523475029676,150.37727250464758,-199.716488838711,3,,001,1,practice,90,high,0.6,2,
1.46514733415097,111,272.0,-11.0,-147.64383222960598,201.74562896022297,165.70666333420957,-187.19322030095782,3,,001,1,practice,90,high,0.6,2,
1.4814276669640094,112,296.0,10.0,-131.28458524000433,212.75421894373807,177.84251997110957,-175.70440543801263,3,,001,1,practice,90,high,0.6,2,
1.4992435001768172,113,311.0,28.0,-118.5851856496736,220.08533286984945,187.46294273934478,-165.40146643698515,3,,001,1,practice,90,high,0.6,2,
1.5153867090120912,114,316.0,41.0,-109.2691134548741,224.85608918769765,194.870573798185,-156.60606459382765,3,,001,1,practice,90,high,0.6,2,
1.5324645841028541,115,317.0,50.0,-102.55547909892191,227.9964335396293,200.57659092981305,-149.22811789664325,3,,001,1,practice,90,high,0.6,2,
1.548432833980769,116,314.0,60.0,-97.91997852290041,230.02538513406455,205.30572341451528,-142.6518837353456,3,,001,1,practice,90,high,0.6,2,
1.5657766670919955,117,304.0,74.0,-95.05828213719765,231.22266973012168,209.94129699483784,-135.7374370471363,3,,001,1,practice,90,high,0.6,2,
1.5820821670349687,118,288.0,88.0,-93.4940672534473,231.85956824855833,215.00171159475858,-127.57062362207166,3,,001,1,practice,90,high,0.6,2,
1.5980250001884997,119,260.0,103.0,-92.80152420443638,232.13762535473091,221.37883529887418,-116.15253454709428,3,,001,1,practice,90,high,0.6,2,
1.6138480841182172,120,214.0,120.0,-92.5345489451089,232.24417592595356,229.54207360998683,-99.04764733615524,3,,001,1,practice,90,high,0.6,2,
1.6165824171621352,121,141.0,137.0,-91.03713988682156,230.44227384485947,238.8480315564412,-73.83507175870595,3,,001,1,practice,90,high,0.6,2,
1.6314309590961784,122,141.0,137.0,-89.83921264019169,229.0007521799842,244.2274000912167,-53.413266560703526,3,,001,1,practice,90,high,0.6,2,
1.6495673339813948,123,57.0,153.0,-85.30548999304395,221.84154875517484,237.80374542322613,-28.21685314999568,3,,001,1,practice,90,high,0.6,2,
1.6641047920566052,124,-22.0,161.0,-77.47882342541078,210.339535539976,218.3945151751444,-1.0913401123595712,3,,001,1,practice,90,high,0.6,2,
1.680521042086184,125,-121.0,162.0,-64.90412382819747,193.87794634172644,184.45264893326157,27.88827707897383,3,,001,1,practice,90,high,0.6,2,
1.683361666975543,126,-182.0,159.0,-50.515782230543024,176.23864999094204,145.73981962182444,55.01934260183422,3,,001,1,practice,90,high,0.6,2,
1.6967081669718027,127,-182.0,159.0,-39.00510895241947,162.1272129103145,114.76955617267473,76.72419502012252,3,,001,1,practice,90,high,0.6,2,
1.6995335000101477,128,-248.0,153.0,-24.770192814102742,146.01062087522834,77.29325159041522,97.88117817783282,3,,001,1,practice,90,high,0.6,2,
1.7152389171533287,129,-248.0,153.0,-13.38225990344936,133.11734724715942,47.31220792460763,114.80676470400107,3,,001,1,practice,90,high,0.6,2,
1.7314558341167867,130,-316.0,145.0,1.1372127310941806,117.83779878415837,10.198498176643284,132.23987391390224,3,,001,1,practice,90,high,0.6,2,
1.7491564590018243,131,-365.0,138.0,16.809145827536913,102.04393502140883,-28.996065845141096,148.95794184574913,3,,001,1,practice,90,high,0.6,2,
1.763712750049308,132,-392.0,134.0,31.60030614843361,87.44253704066524,-65.60354510367254,163.82179278940802,3,,001,1,practice,90,high,0.6,2,
1.7665315840858966,133,-410.0,130.0,45.11140978680937,74.4618695580908,-98.44159549549138,176.70424639756337,3,,001,1,practice,90,high,0.6,2,
1.7819823340978473,134,-410.0,130.0,55.92029269750998,64.07733557203123,-124.71203580894647,187.01020928408764,3,,001,1,practice,90,high,0.6,2,
1.7988368750084192,135,-422.0,127.0,65.73115950677695,54.906916395649176,-148.11163476419978,195.91840641334164,3,,001,1,practice,90,high,0.6,2,
1.8137090841773897,136,-437.0,121.0,75.34963994659086,46.52446915670927,-160.06052106399704,192.04330135863046,3,,001,1,practice,90,high,0.6,2,
1.816153250169009,137,-454.0,112.0,85.38332264323344,38.66348309249631,-168.1380042387845,185.01246317639928,3,,001,1,practice,90,high,0.6,2,
1.8315575420856476,138,-454.0,112.0,93.41026880054751,32.37469424112593,-174.0100995012098,179.5006553513916,3,,001,1,practice,90,high,0.6,2,
1.8479011671151966,139,-462.0,106.0,101.23908861617846,26.793138092512272,-179.0294333420296,174.4948767076896,3,,001,1,practice,90,high,0.6,2,
1.8659078751225024,140,-470.0,97.0,109.4476371821162,21.79088532838835,-183.53934848589742,169.7448307235667,3,,001,1,practice,90,high,0.6,2,
1.8822415000759065,141,-478.0,86.0,118.35876765901479,17.196270628722452,-187.7376623501189,165.0895821525779,3,,001,1,practice,90,high,0.6,2,
1.8985667920205742,142,-483.0,76.0,127.55226633259697,13.149656825440264,-191.52484791888983,160.68052971547644,3,,001,1,practice,90,high,0.6,2,
1.9148292921017855,143,-485.0,69.0,136.32306236335717,9.758547858265981,-194.77083247518593,156.7300954409301,3,,001,1,practice,90,high,0.6,2,
1.9327559999655932,144,-485.0,64.0,144.33853723618031,7.076127244819033,-197.4925802304724,153.28627059821895,3,,001,1,practice,90,high,0.6,2,
1.9467624169774354,145,-483.0,59.0,151.7816079513712,5.15992331961391,-199.84755234241666,150.2030486466404,3,,001,1,practice,90,high,0.6,2,
1.9498012501280755,146,-477.0,56.0,158.6262036402148,4.263578425125533,-201.9922527765295,147.30624500767982,3,,001,1,practice,90,high,0.6,2,
1.9634102501440793,147,-477.0,56.0,164.1018801912897,3.5465025095348315,-203.63228617249447,145.03065892480566,3,,001,1,practice,90,high,0.6,2,
1.9665912920609117,148,-461.0,53.0,170.07102759978756,4.460954193492236,-205.68160302538357,142.109388067462,3,,001,1,practice,90,high,0.6,2,
1.9812947500031441,149,-461.0,53.0,174.84634552658585,5.1925155406581585,-207.24816264553317,139.81487431618507,3,,001,1,practice,90,high,0.6,2,
1.9982800839934498,150,-436.0,50.0,180.79996411820872,7.8223698119529725,-209.5489319799354,136.34238191431302,3,,001,1,practice,90,high,0.6,2,
2.0152966249734163,151,-401.0,49.0,188.04430501609804,12.619610380486495,-212.6830388223796,131.39986680844913,3,,001,1,practice,90,high,0.6,2,
2.0306145001668483,152,-359.0,48.0,196.68424940496485,19.5293443716641,-216.4382668112028,125.1178510835389,3,,001,1,practice,90,high,0.6,2,
2.0332065420225263,153,-343.0,48.0,204.61843390944153,26.206775877221006,-219.60871255789,119.4655321365374,3,,001,1,practice,90,high,0.6,2,
2.0481505000498146,154,-343.0,48.0,210.96578151302288,31.548721081666528,-221.90203325915965,115.14984861236591,3,,001,1,practice,90,high,0.6,2,
2.0658532499801368,155,-279.0,46.0,220.30502766060548,40.32917168629963,-225.03454072332616,108.90112708985917,3,,001,1,practice,90,high,0.6,2,
2.0809838341083378,156,-238.0,46.0,230.73552987711648,50.858577812892335,-228.0014729450246,102.54427499816468,3,,001,1,practice,90,high,0.6,2,
2.097032624995336,157,-192.0,48.0,241.63835944082007,64.11632589870578,-230.7774350091858,96.13415361140403,3,,001,1,practice,90,high,0.6,2,
2.1007205420173705,158,-164.0,50.0,238.40699367609488,75.24696250564823,-233.04291111371222,90.5041522784807,3,,001,1,practice,90,high,0.6,2,
2.1160096251405776,159,-164.0,50.0,235.5980118515516,83.62760795094032,-234.60624575595364,86.37076734808527,3,,001,1,practice,90,high,0.6,2,
2.131886542076245,160,-136.0,52.0,231.39042805895124,94.64919335469962,-235.9980613177823,82.4919090229356,3,,001,1,practice,90,high,0.6,2,
2.1501641671638936,161,-107.0,54.0,225.61920126831774,107.68461365973474,-237.2214318300666,78.9049572618417,3,,001,1,practice,90,high,0.6,2,
2.1650260840542614,162,-75.0,56.0,217.98314712045126,122.40648500575318,-238.31035275974432,75.55247029400317,3,,001,1,practice,90,high,0.6,2,
2.1825967500917614,163,-43.0,58.0,208.49876679637566,137.942974610491,-239.26154511835176,72.48388115697816,3,,001,1,practice,90,high,0.6,2,
2.1985142091289163,164,-15.0,60.0,197.69417883648984,153.0261796365771,-240.05369544341718,69.81563796141317,3,,001,1,practice,90,high,0.6,2,
2.214616750134155,165,16.0,63.0,185.3994385289828,167.7112047334283,-240.69399142340797,67.57516180275424,3,,001,1,practice,90,high,0.6,2,
2.23298720899038,166,30.0,66.0,173.67340445474576,179.82644017245718,-241.16257111773123,65.88333849984544,3,,001,1,practice,90,high,0.6,2,
2.2483162921853364,167,34.0,68.0,163.6373382445632,189.004818806914,-241.50041306914352,64.6339731676232,3,,001,1,practice,90,high,0.6,2,
2.265471833990887,168,34.0,68.0,155.62308419387296,195.65647361124226,-241.74895086518669,63.698074975477574,3,,001,1,practice,90,high,0.6,2,
2.281621500151232,169,31.0,69.0,149.16918724363146,200.6204216351726,-241.9217102922019,63.03876655912549,3,,001,1,practice,90,high,0.6,2,
2.296484792139381,170,18.0,72.0,143.74899292239456,204.53905992205344,-241.9442332271291,62.952267696537994,3,,001,1,practice,90,high,0.6,2,
2.299267667112872,171,-8.0,77.0,138.85835330727804,207.89025402069993,-241.63158528727965,64.14185054670709,3,,001,1,practice,90,high,0.6,2,
2.315652625169605,172,-8.0,77.0,134.9304723624001,210.46084583137923,-241.3900947938753,65.04477023868934,3,,001,1,practice,90,high,0.6,2,
2.331197625026107,173,-59.0,81.0,130.20939122793348,211.5792366061386,-239.8765544045091,70.42186199626207,3,,001,1,practice,90,high,0.6,2,
2.3499089169781655,174,-142.0,82.0,122.73181851427479,208.10631291292492,-235.65935179591648,83.45459790286256,3,,001,1,practice,90,high,0.6,2,
2.364680042024702,175,-219.0,80.0,113.62306632046165,201.24903696477642,-228.2238463568982,102.04840005636015,3,,001,1,practice,90,high,0.6,2,
2.3826951251830906,176,-337.0,73.0,101.85870439870064,189.4232469515604,-214.41998952803456,128.54597656401987,3,,001,1,practice,90,high,0.6,2,
2.3987197091337293,177,-462.0,63.0,87.94083359483334,173.21350658018704,-192.98539121530524,158.92337391798478,3,,001,1,practice,90,high,0.6,2,
2.4151187089737505,178,-527.0,53.0,75.01386912905582,156.772831025571,-170.0401828362019,183.26575299556387,3,,001,1,practice,90,high,0.6,2,
2.4302343751769513,179,-615.0,35.0,62.744885675421486,138.9703044663762,-144.6484572124705,203.90395735750712,3,,001,1,practice,90,high,0.6,2,
2.4327850001864135,180,-661.0,23.0,52.20638433005697,122.33623302957179,-122.09867156229352,218.1557113685616,3,,001,1,practice,90,high,0.6,2,
2.4503876250237226,181,-661.0,23.0,43.77558325376536,109.02897588012826,-106.20583008291402,226.31907046556904,3,,001,1,practice,90,high,0.6,2,
2.4649852921720594,182,-693.0,12.0,36.81112861388688,96.7695963386621,-90.5683192747687,233.01798115970269,3,,001,1,practice,90,high,0.6,2,
2.482323084026575,183,-703.0,8.0,31.229453898668783,86.47074720835305,-77.77785407911273,237.5933614704928,3,,001,1,practice,90,high,0.6,2,
2.498187124961987,184,-708.0,5.0,26.8587727872952,78.01532657234102,-67.56067122592702,240.69805920177717,3,,001,1,practice,90,high,0.6,2,
2.5170599999837577,185,-712.0,2.0,23.49469957693401,71.09997465743142,-59.19378041834331,242.89112038068617,3,,001,1,practice,90,high,0.6,2,
2.531753791961819,186,-713.0,0.0,20.941687250015264,65.59481950860584,-52.557212479526044,244.41305083072373,3,,001,1,practice,90,high,0.6,2,
2.5492907920852304,187,-714.0,-1.0,18.954922660929633,61.16374628444641,-47.28908872730767,245.48674523758064,3,,001,1,practice,90,high,0.6,2,
2.5640361250843853,188,-713.0,-2.0,17.421156262110493,57.83193860001991,-43.007389584149756,246.27294703470204,3,,001,1,practice,90,high,0.6,2,
2.5667306249961257,189,-708.0,-3.0,16.08210887305286,56.101992225272205,-38.75012173327516,246.97859839600753,3,,001,1,practice,90,high,0.6,2,
2.583793125115335,190,-708.0,-3.0,15.010870961806754,54.71803512547404,-35.44947016309916,247.47390784718198,3,,001,1,practice,90,high,0.6,2,
2.598485500086099,191,-690.0,-7.0,13.794797643541376,56.984104681325704,-29.324997294741863,248.27413182541468,3,,001,1,practice,90,high,0.6,2,
2.6156711250077933,192,-644.0,-13.0,11.456923592733446,67.38705980283628,-15.546814006737725,249.51612487821285,3,,001,1,practice,90,high,0.6,2,
2.6322432921733707,193,-556.0,-20.0,6.5756353397068175,92.18931271880868,12.102881062352003,249.706868688049,3,,001,1,practice,90,high,0.6,2,
2.6476981670130044,194,-479.0,-21.0,-0.40683348543142106,126.53689028529234,47.06899646687101,245.52904017977528,3,,001,1,practice,90,high,0.6,2,
2.6661439170129597,195,-398.0,-21.0,-9.0891171245425,169.42733963939335,85.53341354233359,234.91282461329385,3,,001,1,practice,90,high,0.6,2,
2.6812402091454715,196,-307.0,-21.0,-19.137319955648245,221.24556760391036,123.9419045604959,217.11380493629812,3,,001,1,practice,90,high,0.6,2,
2.697299167048186,197,-250.0,-19.0,-26.397834892605587,248.60240206599516,154.60739999268174,196.4600515817476,3,,001,1,practice,90,high,0.6,2,
2.7000014591030777,198,-180.0,-16.0,-29.68425755635734,248.23143405565665,179.19963605375804,174.32008042162173,3,,001,1,practice,90,high,0.6,2,
2.7151009591761976,199,-180.0,-16.0,-31.907349832313223,247.95548194520396,194.31790249730068,157.29129908882285,3,,001,1,practice,90,high,0.6,2,
2.732663334114477,200,-118.0,-10.0,-33.418702017862394,247.7563124431773,206.78257422109078,140.50255157291306,3,,001,1,practice,90,high,0.6,2,
2.749502417165786,201,-85.0,-7.0,-34.31363571790823,247.63395244557782,215.74129746753206,126.31584448130742,3,,001,1,practice,90,high,0.6,2,
2.765712750144303,202,-52.0,-6.0,-34.49505926603303,247.60874557703505,222.33526111126812,114.31111786079344,3,,001,1,practice,90,high,0.6,2,
2.7821422091219574,203,-35.0,-6.0,-34.31707320000233,247.63347610326372,226.95677163087785,104.83617606002979,3,,001,1,practice,90,high,0.6,2,
2.7966077090241015,204,-19.0,-6.0,-33.88077908775669,247.69354615816422,230.3116688462757,97.24471807375163,3,,001,1,practice,90,high,0.6,2,
2.7990988751407713,205,-6.0,-6.0,-33.310305567783296,247.77090939612117,232.79168565720713,91.1484014608928,3,,001,1,practice,90,high,0.6,2,
2.8151065001729876,206,-6.0,-6.0,-32.89296766061185,247.82665853067124,234.50394699034007,86.64813238582693,3,,001,1,practice,90,high,0.6,2,
2.8301620420534164,207,7.0,-6.0,-32.33103609343046,247.9005931923627,235.89730412433602,82.77959837345507,3,,001,1,practice,90,high,0.6,2,
2.8327200419735163,208,14.0,-6.0,-31.77929527727984,247.97192662009033,236.9861026037317,79.60896414784926,3,,001,1,practice,90,high,0.6,2,
2.850049750180915,209,14.0,-6.0,-31.362438644881895,248.024993583804,237.7802383801458,77.20465164665308,3,,001,1,practice,90,high,0.6,2,
2.8648179171141237,210,18.0,-6.0,-30.98033859818027,248.0730106648889,238.4160813003742,75.21816387930086,3,,001,1,practice,90,high,0.6,2,
2.8822040839586407,211,20.0,-6.0,-30.657317887198946,248.1131372176073,238.91598121184626,73.61490284976759,3,,001,1,practice,90,high,0.6,2,
2.8977895420975983,212,20.0,-6.0,-30.407263302543054,248.14390651081848,239.29547320358645,72.37179356815496,3,,001,1,practice,90,high,0.6,2,
2.900408459128812,213,19.0,-6.0,-30.230873466770273,248.16545748640382,239.5973792280701,71.36592931532772,3,,001,1,practice,90,high,0.6,2,
2.9143407919909805,214,19.0,-6.0,-30.092703631996322,248.18224994571395,239.83070809847385,70.577839673545,3,,001,1,practice,90,high,0.6,2,
2.9313784590922296,215,16.0,-5.0,-30.168687323641368,248.17302493455722,240.0455315976621,69.84370236460691,3,,001,1,practice,90,high,0.6,2,
2.948971375124529,216,11.0,-5.0,-30.337799107233998,248.15240870346014,240.26422423035078,69.08764401097865,3,,001,1,practice,90,high,0.6,2,
2.9650289590936154,217,3.0,-5.0,-30.65016886483552,248.11402045945948,240.51185263027614,68.22058885961297,3,,001,1,practice,90,high,0.6,2,
2.980501084122807,218,-4.0,-6.0,-30.921526069378288,248.08034832598238,240.7690433818327,67.30726371646065,3,,001,1,practice,90,high,0.6,2,
2.9832117091864347,219,-21.0,-6.0,-31.475807798337666,248.0106318758172,241.11436418895104,66.05954421397331,3,,001,1,practice,90,high,0.6,2,
2.9984132091049105,220,-21.0,-6.0,-31.91838689795487,247.95406142637077,241.37918391219242,65.08524851211669,3,,001,1,practice,90,high,0.6,2,
0.00014124996960163116,1,2.0,0.0,150.39894318819321,-0.029057401711665265,-149.90902892068422,-0.2784911520388186,2,,001,2,practice,0,low,0.3,2,
0.002816291991621256,2,42.0,32.0,160.94760518434254,-0.6154883908177358,-148.4402546921567,-5.6821557602350845,2,,001,2,practice,0,low,0.3,2,
0.016309832921251655,3,42.0,32.0,169.386534781262,-1.0846331821025923,-147.26523530933468,-10.005087446792096,2,,001,2,practice,0,low,0.3,2,
0.01863554189912975,4,45.0,38.0,177.4771838141936,-1.5356154070444354,-145.98137744748811,-14.028179076114064,2,,001,2,practice,0,low,0.3,2,
0.033751791808754206,5,45.0,38.0,183.9497030405389,-1.89640118699791,-144.95429115801085,-17.24665237957164,2,,001,2,practice,0,low,0.3,2,
0.03609183290973306,6,45.0,45.0,190.5172868937998,-2.355615452532426,-144.01128935196638,-20.373890974130674,2,,001,2,practice,0,low,0.3,2,
0.05236320779658854,7,45.0,45.0,195.7713539764085,-2.7229868649600384,-143.25688790713082,-22.8756818497779,2,,001,2,practice,0,low,0.3,2,
0.06621637498028576,8,43.0,50.0,200.9561550896417,-3.46024006963294,-142.51383064941433,-25.284957055262385,2,,001,2,practice,0,low,0.3,2,
0.06883512483909726,9,40.0,53.0,204.7263314930377,-4.809890996609016,-141.87423556367946,-27.58202056029266,2,,001,2,practice,0,low,0.3,2,
0.0830814999062568,10,40.0,53.0,207.74247261575448,-5.889611738189877,-141.36255949509157,-29.419671364316876,2,,001,2,practice,0,low,0.3,2,
0.08548524999059737,11,34.0,57.0,208.79759991194027,-7.239616939246204,-141.09590425092495,-31.6356796564115,2,,001,2,practice,0,low,0.3,2,
0.1002385828178376,12,34.0,57.0,209.6417017488889,-8.319621100091267,-140.88258005559163,-33.4084862900872,2,,001,2,practice,0,low,0.3,2,
0.10266987490467727,13,29.0,59.0,211.16735199046252,-9.844588082520062,-141.02770318019765,-35.46048945821231,2,,001,2,practice,0,low,0.3,2,
0.11814104183577001,14,29.0,59.0,212.3878721837214,-11.0645616684631,-141.14380167988247,-37.102091992712396,2,,001,2,practice,0,low,0.3,2,
0.13373837480321527,15,13.0,64.0,216.58419477914893,-12.974458366773941,-142.71139647892156,-40.40506121293805,2,,001,2,practice,0,low,0.3,2,
0.13612066698260605,16,-10.0,68.0,224.52138635670252,-15.409225829397492,-145.99826326778978,-46.009914376094166,2,,001,2,practice,0,low,0.3,2,
0.15143779199570417,17,-10.0,68.0,230.8711396187454,-17.357039799496334,-148.62775669888435,-50.49379690661906,2,,001,2,practice,0,low,0.3,2,
0.16885458282195032,18,-47.0,71.0,243.3493507465407,-19.53460624133497,-155.19492712859218,-58.58867085900104,2,,001,2,practice,0,low,0.3,2,
0.18589108297601342,19,-87.0,72.0,249.15734936540056,-20.50890677748875,-165.70730800216512,-69.82201243905823,2,,001,2,practice,0,low,0.3,2,
0.19992554187774658,20,-114.0,71.0,249.15859969017853,-20.493711240996866,-177.81921651797597,-82.02673258467418,2,,001,2,practice,0,low,0.3,2,
0.20252004195936024,21,-142.0,68.0,249.1873140586793,-20.141561811863298,-191.42075358689635,-95.22026718694676,2,,001,2,practice,0,low,0.3,2,
0.2180974578950554,22,-142.0,68.0,249.208480899603,-19.877953810999262,-202.30198324203266,-105.77509486876482,2,,001,2,practice,0,low,0.3,2,
0.23571620788425207,23,-160.0,65.0,249.2647310762537,-19.159693146889154,-213.73038235169142,-116.35496976227039,2,,001,2,practice,0,low,0.3,2,
0.2524914578534663,24,-169.0,62.0,249.32970106483916,-18.2948125685379,-217.96922870369193,-122.43126781307814,2,,001,2,practice,0,low,0.3,2,
0.2666211249306798,25,-179.0,55.0,249.40604428907088,-17.22280674216657,-216.47361080188804,-125.05669045034212,2,,001,2,practice,0,low,0.3,2,
0.2691930828150362,26,-188.0,47.0,249.4887578636836,-15.979978086226039,-214.99611366414678,-127.58005764739751,2,,001,2,practice,0,low,0.3,2,
0.2836954998783767,27,-188.0,47.0,249.54783687928423,-15.029208524407702,-213.84202986852108,-129.5051592088537,2,,001,2,practice,0,low,0.3,2,
0.2863294167909771,28,-192.0,40.0,249.60448689667936,-14.057031018156176,-212.64844776694915,-131.45583920962625,2,,001,2,practice,0,low,0.3,2,
0.30237583280541,29,-192.0,40.0,249.64569542350966,-13.305140228958177,-211.71087585403106,-132.960539428505,2,,001,2,practice,0,low,0.3,2,
0.3192021248396486,30,-195.0,29.0,249.69166167052214,-12.412658547366028,-210.49683798710169,-134.8743163001461,2,,001,2,practice,0,low,0.3,2,
0.3333679579664022,31,-198.0,14.0,249.74489560067815,-11.291019502524277,-208.9050192368361,-137.32695634017796,2,,001,2,practice,0,low,0.3,2,
0.33608612488023937,32,-198.0,-6.0,249.81021892748555,-9.739328488234833,-206.7801020594782,-140.50618987173408,2,,001,2,practice,0,low,0.3,2,
0.35145924985408783,33,-198.0,-6.0,249.85393950438393,-8.544525389958196,-205.1051385400385,-142.9401348273872,2,,001,2,practice,0,low,0.3,2,
0.3690305419731885,34,-194.0,-23.0,249.90291943304175,-6.966409322070427,-203.03301382756618,-145.86841774728106,2,,001,2,practice,0,low,0.3,2,
0.38482695794664323,35,-183.0,-46.0,249.9583553640231,-4.562957781168779,-200.32660973204,-149.56352975664532,2,,001,2,practice,0,low,0.3,2,
0.39994895784184337,36,-169.0,-66.0,249.9971468281663,-1.194394313552142,-197.21528375395167,-153.64287114555083,2,,001,2,practice,0,low,0.3,2,
0.40279374993406236,37,-155.0,-77.0,249.98358831893717,2.8645368191265685,-194.13222452926684,-157.52040946911708,2,,001,2,practice,0,low,0.3,2,
0.41729054180905223,38,-155.0,-77.0,249.92909539272165,5.953761514860007,-191.71108843618708,-160.45827672828992,2,,001,2,practice,0,low,0.3,2,
0.41967591689899564,39,-130.0,-88.0,249.6996160536125,12.251601637276679,-189.11346909780173,-163.51176045102932,2,,001,2,practice,0,low,0.3,2,
0.4351203329861164,40,-130.0,-88.0,249.41659458092428,17.069339403000953,-187.07522683303824,-165.8398610267365,2,,001,2,practice,0,low,0.3,2,
0.45162070798687637,41,-104.0,-94.0,248.67887661725882,25.667417563482744,-185.07651369965774,-168.06749857358022,2,,001,2,practice,0,low,0.3,2,
0.46931062499061227,42,-75.0,-95.0,247.14501139442376,37.674173419600926,-183.3153639551811,-169.98669753242302,2,,001,2,practice,0,low,0.3,2,
0.4856858749408275,43,-40.0,-96.0,244.2022211041127,53.52826550354553,-181.81583455798105,-171.58963343974156,2,,001,2,practice,0,low,0.3,2,
0.5020377920009196,44,10.0,-94.0,238.49129361936636,74.97934960881689,-180.61749433967705,-172.85057343976828,2,,001,2,practice,0,low,0.3,2,
0.5180555828846991,45,63.0,-92.0,228.8040669021825,100.74075128279313,-179.7528612073426,-173.74955794986596,2,,001,2,practice,0,low,0.3,2,
0.5356486667878926,46,117.0,-88.0,214.09333935525385,129.08927935237736,-179.37565235021785,-174.138954125531,2,,001,2,practice,0,low,0.3,2,
0.551771332975477,47,181.0,-76.0,192.44980715960315,159.571525418013,-179.81148567822427,-173.68888743437145,2,,001,2,practice,0,low,0.3,2,
0.5685811250004917,48,228.0,-62.0,165.9651167761559,186.96411423981056,-180.95122319462521,-172.501173399977,2,,001,2,practice,0,low,0.3,2,
0.5849289998877794,49,255.0,-48.0,138.49627380872525,208.1316461788034,-182.55292405256372,-170.80523973186206,2,,001,2,practice,0,low,0.3,2,
0.6032298328354955,50,284.0,-23.0,109.63968085356146,224.67563370852923,-185.03997042082156,-168.10773137087267,2,,001,2,practice,0,low,0.3,2,
0.6177152500022203,51,295.0,-9.0,83.61086103044195,235.60395564961996,-187.62771958703607,-165.2145237034825,2,,001,2,practice,0,low,0.3,2,
0.6341188328806311,52,300.0,6.0,60.56302320553597,242.5533347950626,-190.40348386678443,-162.00775700993813,2,,001,2,practice,0,low,0.3,2,
0.6371773749124259,53,304.0,22.0,39.91806099596899,246.79252096917784,-193.38337238732012,-158.43885661070348,2,,001,2,practice,0,low,0.3,2,
0.6520121248904616,54,304.0,22.0,24.093452444554757,248.83630271586577,-195.63475148324758,-155.6503903370884,2,,001,2,practice,0,low,0.3,2,
0.6665511250030249,55,308.0,42.0,8.497684103728524,249.8555369906243,-198.497969186748,-151.98209180274114,2,,001,2,practice,0,low,0.3,2,
0.6692962918896228,56,311.0,58.0,-6.108773272963301,249.92535463433785,-201.5794224715644,-147.87067469931475,2,,001,2,practice,0,low,0.3,2,
0.6837137918919325,57,311.0,58.0,-17.273031658038157,249.4025709116496,-203.91694098064605,-144.6301530839808,2,,001,2,practice,0,low,0.3,2,
0.6862407918088138,58,311.0,65.0,-26.951254658474127,248.54301412901165,-206.12324896415927,-141.46803962895368,2,,001,2,practice,0,low,0.3,2,
0.6999525418505073,59,311.0,65.0,-34.41272743339194,247.62020149938306,-207.8180895120435,-138.96633287082258,2,,001,2,practice,0,low,0.3,2,
0.7028654168825597,60,308.0,72.0,-41.38436901474587,246.5508750770342,-209.62260477509747,-136.2290848802241,2,,001,2,practice,0,low,0.3,2,
0.7185991669539362,61,308.0,72.0,-46.79979676231454,245.58049397907413,-211.01767526655942,-134.05797523868873,2,,001,2,practice,0,low,0.3,2,
0.7335624578408897,62,289.0,85.0,-54.684157299483616,243.94598365303196,-213.51042818019778,-130.0511324760712,2,,001,2,practice,0,low,0.3,2,
0.7362874578684568,63,249.0,99.0,-67.38366204890923,240.74767307053747,-217.63641378597225,-123.021914285143,2,,001,2,practice,0,low,0.3,2,
0.7521895419340581,64,249.0,99.0,-77.05077798072833,237.830144457267,-220.65178504417773,-117.52782545771011,2,,001,2,practice,0,low,0.3,2,
0.7691746249329299,65,188.0,112.0,-93.32385551929693,231.92813109024397,-225.35522511559878,-108.23595757925267,2,,001,2,practice,0,low,0.3,2,
0.7861396668013185,66,120.0,117.0,-113.8732220139357,222.55985556286853,-230.56220091849096,-96.64921886710415,2,,001,2,practice,0,low,0.3,2,
0.8004814169835299,67,22.0,113.0,-138.60691124465288,208.0579826760245,-235.78763901180915,-83.0914513607554,2,,001,2,practice,0,low,0.3,2,
0.8034086669795215,68,-76.0,101.0,-162.97802355086384,189.5736369842972,-240.04146897863913,-69.85766364957414,2,,001,2,practice,0,low,0.3,2,
0.8184625417925417,69,-76.0,101.0,-178.42957634930983,175.1082130678222,-242.51857556451426,-60.702063442349136,2,,001,2,practice,0,low,0.3,2,
0.8337992078159004,70,-131.0,91.0,-191.5162049816078,160.6908311928306,-244.26042150617386,-53.26205483856466,2,,001,2,practice,0,low,0.3,2,
0.8363297500181943,71,-187.0,72.0,-202.45104836015756,146.675059290505,-245.3522639451118,-47.981940113007035,2,,001,2,practice,0,low,0.3,2,
0.8518974168691784,72,-187.0,72.0,-209.4586454824663,136.4810456900536,-246.0411855147926,-44.314050034672015,2,,001,2,practice,0,low,0.3,2,
0.868041625013575,73,-201.0,65.0,-214.5819814289727,128.27538051401763,-246.43741738064668,-42.05471810340596,2,,001,2,practice,0,low,0.3,2,
0.8859835418406874,74,-210.0,54.0,-218.42749327527832,121.61180116040649,-246.5890060801442,-41.156555740326674,2,,001,2,practice,0,low,0.3,2,
0.9018338748719543,75,-212.0,45.0,-221.31110852940853,116.28152579616572,-246.58089504577163,-41.205123448743336,2,,001,2,practice,0,low,0.3,2,
0.9194744578562677,76,-208.0,29.0,-223.71113546042832,111.59447957227043,-246.3226153609006,-42.721998569423434,2,,001,2,practice,0,low,0.3,2,
0.9354706248268485,77,-192.0,2.0,-226.0387318916275,106.80117829324234,-245.58544690658226,-46.77379894443332,2,,001,2,practice,0,low,0.3,2,
0.9527709579560906,78,-170.0,-22.0,-228.23520433839724,102.02299496000913,-244.3407928853112,-52.892125426924125,2,,001,2,practice,0,low,0.3,2,
0.9687554999254644,79,-140.0,-49.0,-230.32937845622317,97.20276446670604,-242.33708538721683,-61.4226102182966,2,,001,2,practice,0,low,0.3,2,
0.986286791972816,80,-107.0,-74.0,-232.25974812564004,92.49545610793143,-239.46342188867223,-71.81413215633664,2,,001,2,practice,0,low,0.3,2,
1.0020929998718202,81,-77.0,-88.0,-233.91121990052707,88.23571388415952,-235.9775777847041,-82.5504862666715,2,,001,2,practice,0,low,0.3,2,
1.018900124821812,82,-16.0,-108.0,-235.55647280387265,83.74454083818473,-230.80310654331544,-96.07250392258442,2,,001,2,practice,0,low,0.3,2,
1.0364122078754008,83,31.0,-119.0,-236.98824058408297,79.60259935995057,-224.56921651204158,-109.85748493010296,2,,001,2,practice,0,low,0.3,2,
1.0516355419531465,84,87.0,-126.0,-238.27189829418006,75.67365778980091,-217.09325809220175,-123.97789033094837,2,,001,2,practice,0,low,0.3,2,
1.0687696668319404,85,132.0,-128.0,-239.32880975845796,72.26147534890123,-209.01362258645696,-137.16160385941149,2,,001,2,practice,0,low,0.3,2,
1.0854039168916643,86,164.0,-124.0,-240.15176857711572,69.47753629255608,-201.13665846240426,-148.47236989614657,2,,001,2,practice,0,low,0.3,2,
1.1027390419039875,87,203.0,-114.0,-240.84756812105613,67.02573334304698,-193.18897583978563,-158.67583185215923,2,,001,2,practice,0,low,0.3,2,
1.1196356248110533,88,229.0,-100.0,-241.42072367459383,64.9309955293729,-185.78912170386658,-167.27941372597476,2,,001,2,practice,0,low,0.3,2,
1.1349076249171048,89,255.0,-77.0,-241.91782057157536,63.05369211948704,-178.80130513088835,-174.72862754423198,2,,001,2,practice,0,low,0.3,2,
1.151223624823615,90,272.0,-58.0,-242.31732698549075,61.50051253938248,-172.38497476222278,-181.06192442429142,2,,001,2,practice,0,low,0.3,2,
1.16870233300142,91,275.0,-52.0,-242.60511195407818,60.355278590602104,-167.1265547413904,-185.92663795237362,2,,001,2,practice,0,low,0.3,2,
1.1866559579502791,92,278.0,-43.0,-242.81765598319367,59.49441942592089,-162.61107595829694,-189.8884882653106,2,,001,2,practice,0,low,0.3,2,
1.202205125009641,93,278.0,-35.0,-242.97828259480949,58.83497418438213,-158.75267648757233,-193.12583387012776,2,,001,2,practice,0,low,0.3,2,
1.2186021669767797,94,274.0,-23.0,-243.0967755753125,58.34344611767594,-155.21056566057803,-195.98387767192332,2,,001,2,practice,0,low,0.3,2,
1.2362948330119252,95,265.0,-9.0,-243.1752365453759,58.015552493279614,-151.6525767890497,-198.7498325867003,2,,001,2,practice,0,low,0.3,2,
1.2533417919185013,96,243.0,9.0,-243.18388892180394,57.979273614522974,-147.3492804284895,-201.96086144896086,2,,001,2,practice,0,low,0.3,2,
1.2679199578706175,97,199.0,29.0,-243.01979369279184,58.663275339115614,-141.1331178295411,-206.35271515469057,2,,001,2,practice,0,low,0.3,2,
1.2853499168995768,98,144.0,42.0,-242.58934043599996,60.418638736953646,-132.57613623041232,-211.95180608387167,2,,001,2,practice,0,low,0.3,2,
1.3024976667948067,99,77.0,51.0,-241.84872054211198,63.31821516864974,-121.1942239420635,-218.65946145337728,2,,001,2,practice,0,low,0.3,2,
1.3188200418371707,100,24.0,54.0,-240.9178221946686,66.77277101467365,-108.44249175223425,-225.25591220335727,2,,001,2,practice,0,low,0.3,2,
1.333280999911949,101,-9.0,54.0,-239.9444875152678,70.19004851854359,-96.02395998987093,-230.8233071157756,2,,001,2,practice,0,low,0.3,2,
1.3359788749366999,102,-66.0,53.0,-238.50609352901807,74.93225840402289,-82.18390772136233,-236.10549614874833,2,,001,2,practice,0,low,0.3,2,
1.3520878748968244,103,-66.0,53.0,-237.439418168162,78.24655072247407,-71.39782404960513,-239.58787682389442,2,,001,2,practice,0,low,0.3,2,
1.3692520828917623,104,-112.0,49.0,-235.32049291419537,84.40536484501531,-59.62985409887844,-242.7844321618387,2,,001,2,practice,0,low,0.3,2,
1.3854593329597265,105,-154.0,43.0,-232.01568494044372,93.10597156797591,-47.39885441571045,-245.46557518332034,2,,001,2,practice,0,low,0.3,2,
1.4014033328276128,106,-197.0,36.0,-227.06560364957045,104.60024684127744,-34.82720366051654,-247.56224648598766,2,,001,2,practice,0,low,0.3,2,
1.4169617500156164,107,-226.0,26.0,-220.9320826696159,117.00006344983754,-22.890280174176183,-248.94986457828756,2,,001,2,practice,0,low,0.3,2,
1.4195415419526398,108,-255.0,14.0,-213.34919833924064,130.31546173805842,-11.410040671567241,-249.73948620887566,2,,001,2,practice,0,low,0.3,2,
1.4331233748234808,109,-255.0,14.0,-207.27748197375058,139.7714043237082,-2.599966029164535,-249.98647998771293,2,,001,2,practice,0,low,0.3,2,
1.4356237079482526,110,-269.0,6.0,-200.7100429406993,149.0485781976555,5.358866117199472,-249.94255850882604,2,,001,2,practice,0,low,0.3,2,
1.4510036669671535,111,-269.0,6.0,-195.48474381540436,155.83874657935922,11.510787629475702,-249.73486294097805,2,,001,2,practice,0,low,0.3,2,
1.4664467920083553,112,-293.0,-12.0,-187.6355454201122,165.20563578430676,18.72656104937733,-249.29764521804844,2,,001,2,practice,0,low,0.3,2,
1.468842624919489,113,-319.0,-31.0,-177.0623692365103,176.49055895529847,26.96158610804532,-248.54189360053257,2,,001,2,practice,0,low,0.3,2,
1.4838990420103073,114,-319.0,-31.0,-168.47002093281418,184.71018392849152,33.33289745279183,-247.76787109591444,2,,001,2,practice,0,low,0.3,2,
1.487082207808271,115,-336.0,-47.0,-158.12101760014193,193.6433417215671,40.3015501534165,-246.73018675312449,2,,001,2,practice,0,low,0.3,2,
1.500254041980952,116,-336.0,-47.0,-149.76596098304665,200.1753154882603,45.722407148159185,-245.78336291250062,2,,001,2,practice,0,low,0.3,2,
1.5027906249742955,117,-358.0,-70.0,-138.05226484605822,208.42641908086838,52.716258741774794,-244.3787962656954,2,,001,2,practice,0,low,0.3,2,
1.518295207992196,118,-358.0,-70.0,-128.61686964878032,214.37747279448155,58.175603000795185,-243.13699680528646,2,,001,2,practice,0,low,0.3,2,
1.5335516668856144,119,-367.0,-85.0,-118.18109448650365,220.3025848826384,63.58580637869814,-241.77850447707448,2,,001,2,practice,0,low,0.3,2,
1.5367156669963151,120,-371.0,-100.0,-107.23951788744972,225.83110016839436,68.33926185983968,-240.47815969117084,2,,001,2,practice,0,low,0.3,2,
1.549777708016336,121,-371.0,-100.0,-98.50754426746477,229.77437568709325,72.10389136566835,-239.3763331031869,2,,001,2,practice,0,low,0.3,2,
1.5525787079241127,122,-370.0,-116.0,-88.76437167713624,233.71111723827605,74.0716518537465,-238.66692242845178,2,,001,2,practice,0,low,0.3,2,
1.567967457929626,123,-370.0,-116.0,-81.01448785049186,236.50930797396222,75.64586024420903,-238.09939388866368,2,,001,2,practice,0,low,0.3,2,
1.585858916863799,124,-358.0,-138.0,-70.40565472907657,239.88131186520147,74.47262879539738,-237.42591503793759,2,,001,2,practice,0,low,0.3,2,
1.601831957930699,125,-331.0,-161.0,-55.757742660743354,243.7028398139388,70.53618622117209,-236.4417024481441,2,,001,2,practice,0,low,0.3,2,
1.619085832964629,126,-297.0,-175.0,-37.913890069554846,247.10835060716522,64.5555079025727,-234.83076650991285,2,,001,2,practice,0,low,0.3,2,
1.6349121248349547,127,-235.0,-186.0,-13.774142483581665,249.6202575890867,55.07239530450552,-231.58635720955135,2,,001,2,practice,0,low,0.3,2,
1.6530583328567445,128,-158.0,-192.0,15.89828939109684,249.49397666965217,41.74544548078565,-226.25650046120197,2,,001,2,practice,0,low,0.3,2,
1.6670522917993367,129,-69.0,-190.0,48.66850702638461,245.21699864369668,24.481985375488676,-218.30596137777584,2,,001,2,practice,0,low,0.3,2,
1.66970512480475,130,71.0,-179.0,84.9987887058879,235.1067968361013,0.22187450623574279,-205.69680247650226,2,,001,2,practice,0,low,0.3,2,
1.6832660830114037,131,71.0,-179.0,108.43968346377162,225.25726414541447,-19.186214189166606,-195.60947535548337,2,,001,2,practice,0,low,0.3,2,
1.6860726668965071,132,168.0,-164.0,129.7572902610651,213.68913314463538,-42.112754158631034,-182.89045704847604,2,,001,2,practice,0,low,0.3,2,
1.7017355419229716,133,168.0,-164.0,143.4297214156042,204.76307043664428,-60.45398613420258,-172.7152424028702,2,,001,2,practice,0,low,0.3,2,
1.7190499168355018,134,256.0,-137.0,155.9615283557588,195.38680015020424,-82.26440020386946,-159.50858411084738,2,,001,2,practice,0,low,0.3,2,
1.7360107919666916,135,294.0,-119.0,165.29730138034202,187.55479774289003,-103.10376813715456,-146.2846052033371,2,,001,2,practice,0,low,0.3,2,
1.7523361248895526,136,332.0,-86.0,172.59051335518572,180.86601311411013,-124.28762780407101,-131.85176966672972,2,,001,2,practice,0,low,0.3,2,
1.7681365828029811,137,350.0,-62.0,178.01131241157447,175.53339469602022,-144.21018696562592,-117.77318649502791,2,,001,2,practice,0,low,0.3,2,
1.7856372918467969,138,352.0,-54.0,181.8295318389532,171.57511868341257,-161.14577285795895,-105.74065194077677,2,,001,2,practice,0,low,0.3,2,
1.80184020800516,139,348.0,-40.0,184.8252342760731,168.34379339552345,-176.9133760567159,-94.78653958063393,2,,001,2,practice,0,low,0.3,2,
1.818636666983366,140,335.0,-25.0,187.56600569404586,165.2845833947654,-193.0133844574187,-84.49050540038027,2,,001,2,practice,0,low,0.3,2,
1.8351359169464558,141,303.0,-2.0,191.1362610847751,161.14257568542433,-213.19977476493017,-73.67966304193162,2,,001,2,practice,0,low,0.3,2,
1.8536182078532875,142,238.0,33.0,196.93861938414338,153.99733827267116,-242.5440799428226,-60.600076606302025,2,,001,2,practice,0,low,0.3,2,
1.8682657917961478,143,176.0,59.0,204.0339849768899,144.46498874969765,-246.55150103182882,-41.38063966339935,2,,001,2,practice,0,low,0.3,2,
1.8856362078804523,144,102.0,79.0,212.07929428317786,132.37210029439456,-248.90267863047342,-23.397789865183274,2,,001,2,practice,0,low,0.3,2,
1.9019669578410685,145,51.0,86.0,219.37402011146608,119.89595197559458,-249.83859786669413,-8.981927187651916,2,,001,2,practice,0,low,0.3,2,
1.9198372079990804,146,8.0,88.0,225.81301571098714,107.27759288644339,-249.9921913741103,1.975918006963608,2,,001,2,practice,0,low,0.3,2,
1.9339098748750985,147,-67.0,87.0,232.6999741121283,91.38228519912823,-249.78007819620873,10.483917984029288,2,,001,2,practice,0,low,0.3,2,
1.9368609169032425,148,-128.0,81.0,238.72906358798133,74.21882644185082,-249.45596355391794,16.483999738726727,2,,001,2,practice,0,low,0.3,2,
1.9502348329406232,149,-128.0,81.0,242.1357601822923,62.21152337745338,-249.1517915834399,20.57631528632182,2,,001,2,practice,0,low,0.3,2,
1.953509874874726,150,-192.0,72.0,245.61606682379607,46.61274201340825,-248.92061322992967,23.206212729262354,2,,001,2,practice,0,low,0.3,2,
1.966892666881904,151,-192.0,72.0,247.45651236264948,35.570697059713424,-248.74356019216268,25.03280373685573,2,,001,2,practice,0,low,0.3,2,
1.9697273748461157,152,-229.0,65.0,248.92307510819506,23.179790307073006,-248.64150230794235,26.026973125000577,2,,001,2,practice,0,low,0.3,2,
1.9855694170109928,153,-229.0,65.0,249.59487638226815,14.226653988914013,-248.56619581610514,26.73660968615297,2,,001,2,practice,0,low,0.3,2,
2.0000614998862147,154,-256.0,60.0,249.96251515710236,4.329089550397145,-248.52994115299776,27.071541339337372,2,,001,2,practice,0,low,0.3,2,
2.003010124899447,155,-283.0,57.0,249.92878893611132,-5.966612181861155,-248.51168740452246,27.238598043161165,2,,001,2,practice,0,low,0.3,2,
2.0186389579903334,156,-283.0,57.0,249.63211670388412,-13.557518575992667,-248.49825226792186,27.360895814798905,2,,001,2,practice,0,low,0.3,2,
2.036086041945964,157,-298.0,55.0,249.24854432497037,-19.369128836456884,-248.49610985637463,27.380346715273568,2,,001,2,practice,0,low,0.3,2,
2.0524969999678433,158,-316.0,53.0,249.08728866381512,-21.34297603684253,-248.50189791472565,27.327764869803417,2,,001,2,practice,0,low,0.3,2,
2.068708957871422,159,-333.0,51.0,249.21682507776012,-19.773064966289482,-248.5156365172255,27.20254411701728,2,,001,2,practice,0,low,0.3,2,
2.0840488329995424,160,-349.0,49.0,249.51793192540984,-15.517784882725142,-248.53375167353792,27.036536003641217,2,,001,2,practice,0,low,0.3,2,
2.0866795419715345,161,-373.0,43.0,249.88707425575166,-7.513329481691934,-248.57242850835235,26.678601639891852,2,,001,2,practice,0,low,0.3,2,
2.1017619168851525,162,-373.0,43.0,249.99659299390086,-1.305178701128913,-248.60114915168762,26.409631585093308,2,,001,2,practice,0,low,0.3,2,
2.1180980829522014,163,-389.0,37.0,249.90765769282848,6.794308388944597,-248.64807803221805,25.964076931098383,2,,001,2,practice,0,low,0.3,2,
2.1361404999624938,164,-403.0,30.0,249.47816739561983,16.144472519196217,-248.71108569828138,25.35341891702479,2,,001,2,practice,0,low,0.3,2,
2.152211916865781,165,-405.0,29.0,248.852163362206,23.929078334736,-248.7611595270132,24.857302966650867,2,,001,2,practice,0,low,0.3,2,
2.1687427079305053,166,-407.0,27.0,248.11972174345317,30.603981472210112,-248.8056627796786,24.40783007079609,2,,001,2,practice,0,low,0.3,2,
2.1862344997934997,167,-407.0,27.0,247.41225360660854,35.877245787535074,-248.83949172055566,24.06049376582978,2,,001,2,practice,0,low,0.3,2,
2.2022427078336477,168,-407.0,26.0,246.74058512058542,40.23783858945638,-248.8683816288113,23.759811141007432,2,,001,2,practice,0,low,0.3,2,
2.2185757500119507,169,-404.0,25.0,246.04679379037165,44.282900373375654,-248.88464642742463,23.5888272853027,2,,001,2,practice,0,low,0.3,2,
2.2355268748942763,170,-397.0,23.0,245.18381178446572,48.83542196848185,-248.87416569486052,23.69914871228738,2,,001,2,practice,0,low,0.3,2,
2.25164012494497,171,-378.0,22.0,243.00669435761984,55.80400991139439,-248.7569994073419,24.89890049491553,2,,001,2,practice,0,low,0.3,2,
2.269721542019397,172,-336.0,20.0,236.69869789778411,68.44067049985259,-248.31549958518016,28.97261924235352,2,,001,2,practice,0,low,0.3,2,
2.2853410828392953,173,-268.0,17.0,224.2860168006988,89.99804950659089,-247.06760661162002,38.17849870287947,2,,001,2,practice,0,low,0.3,2,
2.3007309169042856,174,-179.0,12.0,204.74254833399482,122.25807971199353,-244.00552170220763,54.417877382653124,2,,001,2,practice,0,low,0.3,2,
2.3032616248819977,175,-109.0,11.0,181.45799552891614,159.79303425325074,-238.4828274776001,75.00627305958632,2,,001,2,practice,0,low,0.3,2,
2.3185403749812394,176,-109.0,11.0,162.7708093455153,189.75158398549914,-233.0647306871722,90.44794806802363,2,,001,2,practice,0,low,0.3,2,
2.3355965418741107,177,9.0,7.0,124.86170680691741,216.58613569031465,-220.78935239035766,117.26918551369941,2,,001,2,practice,0,low,0.3,2,
2.3527347499039024,178,109.0,7.0,80.29291647364288,236.75524822938263,-200.67921090555683,149.09008790098372,2,,001,2,practice,0,low,0.3,2,
2.369050582870841,179,279.0,5.0,27.408628377439587,248.49299203492126,-165.10782423201945,187.72161936593392,2,,001,2,practice,0,low,0.3,2,
2.3855040830094367,180,400.0,0.0,-18.209119079609263,249.3359741039078,-121.55763661354071,218.45764115940275,2,,001,2,practice,0,low,0.3,2,
2.4016891249921173,181,493.0,-2.0,-52.415436585118435,244.44349450863166,-76.54320904276219,237.99398553206345,2,,001,2,practice,0,low,0.3,2,
2.419513499829918,182,547.0,-3.0,-75.7356128228499,238.25221289706286,-36.99565806558793,247.24748994538675,2,,001,2,practice,0,low,0.3,2,
2.4362376669887453,183,571.0,-4.0,-91.0054237836238,232.8476172134107,-5.949792771782969,249.92918990380625,2,,001,2,practice,0,low,0.3,2,
2.452330666827038,184,583.0,-5.0,-101.10855975794135,228.64177033883118,17.448092088768675,249.39038490379264,2,,001,2,practice,0,low,0.3,2,
2.4680173329543322,185,591.0,-7.0,-107.99535619500348,225.4706256706499,35.156313256318796,247.51572402217923,2,,001,2,practice,0,low,0.3,2,
2.48544600000605,186,597.0,-8.0,-112.82740361477838,223.0918577482107,48.75134934053122,245.20054228626302,2,,001,2,practice,0,low,0.3,2,
2.5016977079212666,187,608.0,-10.0,-116.42833776397372,221.23390826344422,60.373549455762216,242.6005657992426,2,,001,2,practice,0,low,0.3,2,
2.519091332796961,188,612.0,-11.0,-119.07295756992515,219.8218159681855,69.56786440457716,240.12561762999457,2,,001,2,practice,0,low,0.3,2,
2.5336053329519928,189,615.0,-11.0,-121.0481379457712,218.74036733045307,76.88720413812511,237.88307598444715,2,,001,2,practice,0,low,0.3,2,
2.5374174998141825,190,615.0,-11.0,-122.51136286185312,217.92422070465537,82.40207913236105,236.02944171154604,2,,001,2,practice,0,low,0.3,2,
2.5505553749389946,191,615.0,-11.0,-123.61182248425987,217.30190367808524,86.60414154379788,234.52019671546802,2,,001,2,practice,0,low,0.3,2,
2.5527944578789175,192,615.0,-11.0,-124.44959200027277,216.8231976771989,89.83577320113832,233.30137987880317,2,,001,2,practice,0,low,0.3,2,
2.567232957808301,193,615.0,-11.0,-125.09366006578891,216.45224926376918,92.34008400594773,232.3215635402244,2,,001,2,practice,0,low,0.3,2,
2.571233541937545,194,615.0,-11.0,-125.59273083020929,216.1630541110358,94.29283739139744,231.53587371437598,2,,001,2,practice,0,low,0.3,2,
2.5863500419072807,195,615.0,-11.0,-125.98190380654557,215.93647193857345,95.82318044489234,230.9067302817863,2,,001,2,practice,0,low,0.3,2,
2.6001197919249535,196,614.0,-10.0,-126.2655961817908,215.77070983072966,97.10938349350398,230.36876445714503,2,,001,2,practice,0,low,0.3,2,
2.6032608749810606,197,609.0,-10.0,-126.35490674635315,215.7184218863109,98.41583911730163,229.81366932982337,2,,001,2,practice,0,low,0.3,2,
2.61692262487486,198,609.0,-10.0,-126.42517860138975,215.6772454748222,99.4481365139989,229.36884737011044,2,,001,2,practice,0,low,0.3,2,
2.619797666789964,199,599.0,-9.0,-125.993000295239,215.92999763025955,100.83172067998481,228.76399215067377,2,,001,2,practice,0,low,0.3,2,
2.633772207889706,200,599.0,-9.0,-125.6525953122075,216.12826120456023,101.92678003521199,228.2781888653699,2,,001,2,practice,0,low,0.3,2,
2.6365095828659832,201,581.0,-10.0,-124.24553597333013,216.94019173657043,103.85811492481957,227.40600687814506,2,,001,2,practice,0,low,0.3,2,
2.6514089999254793,202,581.0,-10.0,-123.13987123605865,217.56969483815274,105.38542041862651,226.7022566345323,2,,001,2,practice,0,low,0.3,2,
2.6691477079875767,203,535.0,-13.0,-119.09642170980061,219.8091043062624,109.26597855883873,224.85761256755214,2,,001,2,practice,0,low,0.3,2,
2.685664291959256,204,484.0,-14.0,-112.55661119208557,223.22860317834196,115.10602272709104,221.92476998287148,2,,001,2,practice,0,low,0.3,2,
2.7006198328454047,205,442.0,-15.0,-104.95970470547445,226.89967031298127,121.84621724056063,218.2968147824564,2,,001,2,practice,0,low,0.3,2,
2.7035137079656124,206,366.0,-15.0,-95.01405586083919,231.2408467137096,130.765341724732,213.07375578332977,2,,001,2,practice,0,low,0.3,2,
2.718655957840383,207,366.0,-15.0,-87.72381371444764,234.10367897022226,137.52093906821966,208.77737261924486,2,,001,2,practice,0,low,0.3,2,
2.7355851668398827,208,278.0,-15.0,-78.47083306731486,237.36538997444762,146.51391608171087,202.56769829960894,2,,001,2,practice,0,low,0.3,2,
2.7522111248690635,209,160.0,-16.0,-67.89496000724745,240.60397836614058,157.86909013994722,193.84878224633042,2,,001,2,practice,0,low,0.3,2,
2.7698512920178473,210,72.0,-16.0,-58.64330066008306,243.02461457163363,169.1090363409961,184.1253209849739,2,,001,2,practice,0,low,0.3,2,
2.785358457826078,211,-11.0,-16.0,-51.18885392162567,244.70329224223866,179.60930009977608,173.89795662303965,2,,001,2,practice,0,low,0.3,2,
2.8022612498607486,212,-61.0,-16.0,-45.964547363850656,245.73819480421906,188.3272249260481,164.4167155481877,2,,001,2,practice,0,low,0.3,2,
2.818997624795884,213,-84.0,-16.0,-42.50203038906813,246.36066531166603,195.04199011920423,156.39252568566133,2,,001,2,practice,0,low,0.3,2,
2.834092707838863,214,-109.0,-16.0,-40.410804017124356,246.71231610661349,200.39307724691187,149.47446133541743,2,,001,2,practice,0,low,0.3,2,
2.8370137920137495,215,-120.0,-16.0,-39.0931055844378,246.92454129908594,204.4911073265618,143.81720002960907,2,,001,2,practice,0,low,0.3,2,
2.8523519169539213,216,-120.0,-16.0,-38.16154020255099,247.07022655384657,207.5095768679425,139.42659541166253,2,,001,2,practice,0,low,0.3,2,
2.8666272920090705,217,-124.0,-15.0,-37.540513933771095,247.16534913613663,209.81313731561767,135.93545310101325,2,,001,2,practice,0,low,0.3,2,
2.8693885828834027,218,-127.0,-15.0,-37.10726389747762,247.2307646027148,211.60434975289374,133.13000850918257,2,,001,2,practice,0,low,0.3,2,
2.8837573749478906,219,-127.0,-15.0,-36.78381815102084,247.27909479418724,212.97354545675313,130.9284878686846,2,,001,2,practice,0,low,0.3,2,
2.8871068749576807,220,-127.0,-15.0,-36.539081643747885,247.31537661987684,214.02960418078564,129.19492456832904,2,,001,2,practice,0,low,0.3,2,
2.9001837498508394,221,-127.0,-15.0,-36.35187394323979,247.34296282856886,214.85005819288497,127.82586786137598,2,,001,2,practice,0,low,0.3,2,
2.902377082966268,222,-127.0,-15.0,-36.20740652868941,247.3641520359533,215.4911898311678,126.74204947509573,2,,001,2,practice,0,low,0.3,2,
2.9176812497898936,223,-127.0,-15.0,-36.09512753739306,247.3805606106901,215.9945381791427,125.88232392508041,2,,001,2,practice,0,low,0.3,2,
2.922828916925937,224,-127.0,-15.0,-36.00736493387524,247.39335009356807,216.39119697352643,125.19924070202853,2,,001,2,practice,0,low,0.3,2,
2.934052457800135,225,-127.0,-15.0,-35.93844941142057,247.40337074078593,216.70472017764143,124.65578306974017,2,,001,2,practice,0,low,0.3,2,
2.936977749923244,226,-125.0,-15.0,-35.85615705852584,247.41531076510674,217.03489574152394,124.08003074816602,2,,001,2,practice,0,low,0.3,2,
2.9533729578834027,227,-125.0,-15.0,-35.79118633847099,247.4247178041936,217.2964283212491,123.62144732540654,2,,001,2,practice,0,low,0.3,2,
2.9687430418562144,228,-114.0,-14.0,-35.64720526453534,247.4455025997201,217.91746268776714,122.52338330182373,2,,001,2,practice,0,low,0.3,2,
2.9866675829980522,229,-95.0,-12.0,-35.451372041614114,247.47363540459628,219.07923980179683,120.43374397512855,2,,001,2,practice,0,low,0.3,2,
