timestamp,frame,mouse_x,mouse_y,square_x,square_y,dot_x,dot_y,participant,session,trial_num,phase,angle_bias,expect_level,prop_used,conf_level,agency_rating
0.00015408312901854515,1,-1.0,0.0,-150.06,0.0,150.0,0.0,,001,1,practice,0,low,0.3,4,
0.011988792102783918,2,-1.0,0.0,-150.108,0.0,150.0,0.0,,001,1,practice,0,low,0.3,4,
0.014536625007167459,3,-1.0,1.0,-150.0064,0.059999999999999984,150.2,0.0,,001,1,practice,0,low,0.3,4,
0.028629375156015158,4,-1.0,1.0,-149.92512000000002,0.10799999999999997,150.35999999999999,0.0,,001,1,practice,0,low,0.3,4,
0.031321833143010736,5,3.0,9.0,-149.62009600000002,0.6263999999999998,150.48799999999997,0.0,,001,1,practice,0,low,0.3,4,
0.04521358315832913,6,3.0,9.0,-149.37607680000002,1.0411199999999998,150.59039999999996,0.0,,001,1,practice,0,low,0.3,4,
0.0477611250244081,7,18.0,29.0,-148.28086144000002,2.5728959999999996,150.67231999999996,0.0,,001,1,practice,0,low,0.3,4,
0.06192904198542237,8,18.0,29.0,-147.40468915200003,3.7983167999999994,150.73785599999997,0.0,,001,1,practice,0,low,0.3,4,
0.06476808316074312,9,24.0,37.0,-146.34375132160002,5.25865344,150.79028479999997,0.0,,001,1,practice,0,low,0.3,4,
0.07880433299578726,10,24.0,37.0,-145.49500105728004,6.426922751999999,150.83222783999997,0.0,,001,1,practice,0,low,0.3,4,
0.08134891698136926,11,24.0,40.0,-144.81600084582402,7.5415382016,150.86578227199996,0.0,,001,1,practice,0,low,0.3,4,
0.09533933317288756,12,24.0,40.0,-144.27280067665922,8.43323056128,150.89262581759996,0.0,,001,1,practice,0,low,0.3,4,
0.09785262518562376,13,24.0,53.0,-143.83824054132737,9.926584449024,150.91410065407996,0.0,,001,1,practice,0,low,0.3,4,
0.11232445808127522,14,24.0,53.0,-143.4905924330619,11.1212675592192,150.93128052326395,0.0,,001,1,practice,0,low,0.3,4,
0.1146513749845326,15,24.0,75.0,-143.2124739464495,13.397014047375361,150.94502441861115,0.0,,001,1,practice,0,low,0.3,4,
0.12866591708734632,16,24.0,75.0,-142.9899791571596,15.21761123790029,150.95601953488892,0.0,,001,1,practice,0,low,0.3,4,
0.13147850008681417,17,17.0,105.0,-143.2319833257277,18.474088990320233,150.96481562791112,0.0,,001,1,practice,0,low,0.3,4,
0.14622441702522337,18,17.0,105.0,-143.42558666058216,21.079271192256186,150.9718525023289,0.0,,001,1,practice,0,low,0.3,4,
0.15014354209415615,19,0.0,139.0,-144.60046932846572,25.203416953804947,150.9774820018631,0.0,,001,1,practice,0,low,0.3,4,
0.16210608300752938,20,0.0,139.0,-145.54037546277257,28.502733563043957,150.9819856014905,0.0,,001,1,practice,0,low,0.3,4,
0.1648118330631405,21,-21.0,160.0,-147.55230037021806,32.402186850435164,150.9855884811924,0.0,,001,1,practice,0,low,0.3,4,
0.17927666706964374,22,-21.0,160.0,-149.16184029617446,35.521749480348134,150.9884707849539,0.0,,001,1,practice,0,low,0.3,4,
0.18189212516881526,23,-52.0,173.0,-147.60330606902752,38.79739958427851,157.71387115355176,0.0,,001,1,practice,0,low,0.3,4,
0.19525875011458993,24,-52.0,173.0,-146.35647868730996,41.41791966742281,163.09419144843005,0.0,,001,1,practice,0,low,0.3,4,
0.1981482501141727,25,-109.0,187.0,-155.496848107032,49.086432762482524,157.80154579133824,6.760138612206111,,001,1,practice,0,low,0.3,4,
0.21180725004523993,26,-109.0,187.0,-162.80914364280966,55.2212432385303,153.5674292656648,12.168249501971001,,001,1,practice,0,low,0.3,4,
0.21450300002470613,27,-168.0,193.0,-180.27989201536542,62.39488860603596,138.63597612522085,19.217305337593544,,001,1,practice,0,low,0.3,4,
0.22842141706496477,28,-168.0,193.0,-194.25649071341002,68.13380490004049,126.6908136128657,24.85655000609158,,001,1,practice,0,low,0.3,4,
0.23092766711488366,29,-229.0,194.0,-216.40174487538732,77.21248197523389,106.70043331220782,35.69300865516112,,001,1,practice,0,low,0.3,4,
0.24507195805199444,30,-229.0,194.0,-234.11794820496917,84.47542363538861,90.70812907168153,44.36217557441675,,001,1,practice,0,low,0.3,4,
0.24772029207088053,31,-277.0,193.0,-234.4063643672957,86.91177333426471,87.49809726283057,51.889586411047944,,001,1,practice,0,low,0.3,4,
0.2617213751655072,32,-277.0,193.0,-233.81580031388845,88.48825641618123,84.9300718157498,57.9115150803529,,001,1,practice,0,low,0.3,4,
0.2641443330794573,33,-306.0,190.0,-233.057551370842,90.46644543159267,88.70158698490702,62.97087455227659,,001,1,practice,0,low,0.3,4,
0.27959087514318526,34,-306.0,190.0,-232.4495445641491,92.01743982484872,91.7187991202328,67.01836212981554,,001,1,practice,0,low,0.3,4,
0.2824400421231985,35,-323.0,188.0,-232.54018681514495,91.78813385169933,90.72600191828418,69.91679087740195,,001,1,practice,0,low,0.3,4,
0.2951412920374423,36,-323.0,188.0,-232.6110628782685,91.60836985037028,89.9317641567253,72.23553387547108,,001,1,practice,0,low,0.3,4,
0.29787124996073544,37,-334.0,184.0,-233.2496820448677,89.96991622741518,87.1671852621338,73.11761741356894,,001,1,practice,0,low,0.3,4,
0.3118669171817601,38,-334.0,184.0,-233.7431041396067,88.68010637781724,84.9555221464606,73.82328424404723,,001,1,practice,0,low,0.3,4,
0.3145847921259701,39,-343.0,177.0,-233.90681932704754,88.2473788409827,85.17860932255306,75.49699390440907,,001,1,practice,0,low,0.3,4,
0.3291585419792682,40,-343.0,177.0,-234.0359471747959,87.90435387394724,85.35707906342704,76.83596163269854,,001,1,practice,0,low,0.3,4,
0.3331482920330018,41,-349.0,166.0,-234.62197045146772,86.32804284513007,82.99514051316378,77.82709794830312,,001,1,practice,0,low,0.3,4,
0.3451174171641469,42,-349.0,166.0,-235.07777392832014,85.0790232954375,81.10558967295317,78.62000700078679,,001,1,practice,0,low,0.3,4,
0.34818779211491346,43,-350.0,154.0,-236.10313413862613,82.19069320743027,77.57261507299316,77.94505613925297,,001,1,practice,0,low,0.3,4,
0.36175420810468495,44,-350.0,154.0,-236.88978378251898,79.89512087400217,74.74623539302515,77.40509545002593,,001,1,practice,0,low,0.3,4,
0.36438225000165403,45,-345.0,131.0,-238.1777176125278,75.96956517505522,67.7776907306748,76.97312689864428,,001,1,practice,0,low,0.3,4,
0.3784460830502212,46,-345.0,131.0,-239.14729632135234,72.85993866444923,62.202855000794536,76.62755205753896,,001,1,practice,0,low,0.3,4,
0.38086454197764397,47,-330.0,106.0,-240.5182043042611,68.19819204534471,51.91203452204502,76.35109218465472,,001,1,practice,0,low,0.3,4,
0.3951845830306411,48,-330.0,106.0,-241.53157056242767,64.51744277051748,43.679378139045404,76.12992428634732,,001,1,practice,0,low,0.3,4,
0.3977971251588315,49,-307.0,75.0,-239.07807333949017,60.65306745839766,44.81335665889323,75.9529899677014,,001,1,practice,0,low,0.3,4,
0.4124969581607729,50,-307.0,75.0,-237.11527556114018,57.5615672087018,45.720539474771485,75.81144251278467,,001,1,practice,0,low,0.3,4,
0.4152985420078039,51,-277.0,47.0,-227.99991767042889,53.40836700894512,54.65359953894736,75.69820454885128,,001,1,practice,0,low,0.3,4,
0.4284901670180261,52,-277.0,47.0,-220.70763135785987,50.08580684913977,61.80004759028807,75.60761417770456,,001,1,practice,0,low,0.3,4,
0.43122487515211105,53,-231.0,23.0,-219.32956833381354,45.15354013010031,57.20896885134791,74.34340103622264,,001,1,practice,0,low,0.3,4,
0.4461002501193434,54,-231.0,23.0,-218.22711791457647,41.207726754868744,53.53610586019579,73.33203052303712,,001,1,practice,0,low,0.3,4,
0.44919466716237366,55,-160.0,-2.0,-223.40295967834163,34.40711713654242,35.85809818276723,69.46013565800145,,001,1,practice,0,low,0.3,4,
0.4618952500168234,56,-160.0,-2.0,-227.54363308935376,28.966629441881356,21.71569204082438,66.36261976597291,,001,1,practice,0,low,0.3,4,
0.4645483330823481,57,-58.0,-18.0,-239.1907904572006,23.654239286152507,-10.24768807135439,63.88460705235008,,001,1,practice,0,low,0.3,4,
0.4793390000704676,58,-58.0,-18.0,-248.50851635147808,19.404327161569427,-35.81839216109741,61.902196881451815,,001,1,practice,0,low,0.3,4,
0.48223683307878673,59,11.0,-22.0,-249.54695306440675,15.043876371160538,-70.0981243893938,60.3162687447332,,001,1,practice,0,low,0.3,4,
0.4956056249793619,60,11.0,-22.0,-249.72815748076272,11.655357620571053,-97.52191017203091,59.04752623535831,,001,1,practice,0,low,0.3,4,
0.49849916715174913,61,52.0,-22.0,-249.84095651714446,8.91607798296612,-127.66093879814059,58.0325322278584,,001,1,practice,0,low,0.3,4,
0.5129245000425726,62,52.0,-22.0,-249.90745386904422,6.801801282860578,-151.77216169902835,57.22053702185847,,001,1,practice,0,low,0.3,4,
0.5157653330825269,63,85.0,-21.0,-249.94666434604548,5.163814702839833,-177.66416962742622,56.570940857058524,,001,1,practice,0,low,0.3,4,
0.5284980421420187,64,85.0,-21.0,-249.9696710422761,3.8940414759315933,-198.3777759701445,56.05126392521857,,001,1,practice,0,low,0.3,4,
0.5311105831060559,65,118.0,-18.0,-249.7904872734832,3.133241039878996,-208.3215407806708,55.59978708708485,,001,1,practice,0,low,0.3,4,
0.5451495000161231,66,118.0,-18.0,-249.64714025844887,2.5246006910369183,-216.27655262909184,55.23860561657787,,001,1,practice,0,low,0.3,4,
0.5479602501727641,67,140.0,-15.0,-245.6434521114269,3.967826941076679,-218.97054705783654,57.44985833890575,,001,1,practice,0,low,0.3,4,
0.5623254580423236,68,140.0,-15.0,-242.44050159380936,5.122407941108487,-221.1257426008323,59.21886051676805,,001,1,practice,0,low,0.3,4,
0.5651463330723345,69,161.0,-10.0,-241.62370909407224,6.6625557773113,-227.14356748431024,61.08618088216842,,001,1,practice,0,low,0.3,4,
0.5783857500646263,70,161.0,-10.0,-240.97027509428256,7.8946740462735505,-231.9578273910926,62.580037174488716,,001,1,practice,0,low,0.3,4,
0.5811810421291739,71,186.0,-3.0,-235.50880239837704,8.123267577146724,-230.8967703221274,62.093549230778336,,001,1,practice,0,low,0.3,4,
0.5957682081498206,72,186.0,-3.0,-231.13962424165263,8.30614240184526,-230.04792466695525,61.70435887581004,,001,1,practice,0,low,0.3,4,
0.5982523751445115,73,222.0,12.0,-220.02594717614375,9.217594020863162,-221.57122737120417,61.20036624791978,,001,1,practice,0,low,0.3,4,
0.6118653749581426,74,222.0,12.0,-211.13500552373665,9.946755316077482,-214.78986953460333,60.797172145607576,,001,1,practice,0,low,0.3,4,
0.6144010829739273,75,244.0,22.0,-199.325769833393,10.916152550586597,-204.54123702472552,60.16900000424018,,001,1,practice,0,low,0.3,4,
0.6292214170098305,76,244.0,22.0,-189.87838128111807,11.69167033819389,-196.34233101682327,59.66646229114627,,001,1,practice,0,low,0.3,4,
0.6318845001515001,77,256.0,28.0,-179.72304066062947,12.6150107023853,-187.10116366954622,59.18289802653624,,001,1,practice,0,low,0.3,4,
0.6451083330903202,78,256.0,28.0,-171.59876816423858,13.35368299373843,-179.7082297917246,58.79604661484822,,001,1,practice,0,low,0.3,4,
0.6480412080418319,79,265.0,34.0,-163.04591253702594,14.356645242218981,-171.6318289321817,58.560886078923595,,001,1,practice,0,low,0.3,4,
0.6629729170817882,80,265.0,34.0,-156.20362803525583,15.159015041003421,-165.17070824454737,58.37275765018389,,001,1,practice,0,low,0.3,4,
0.6663038751576096,81,265.0,34.0,-150.72980043383976,15.800910880030974,-160.0018116944399,58.22225490719213,,001,1,practice,0,low,0.3,4,
0.6784262920264155,82,265.0,34.0,-146.35073835270688,16.314427551253015,-155.86669445435393,58.10185271279872,,001,1,practice,0,low,0.3,4,
0.6819020831026137,83,265.0,34.0,-142.8474886878006,16.725240888230648,-152.55860066228516,58.00553095728399,,001,1,practice,0,low,0.3,4,
0.6960325420368463,84,265.0,34.0,-140.04488895587556,17.053891557812754,-149.91212562863015,57.928473552872205,,001,1,practice,0,low,0.3,4,
0.6992817500140518,85,264.0,36.0,-137.56070131369674,17.354770378740653,-147.363362949365,57.74962517971737,,001,1,practice,0,low,0.3,4,
0.7118643750436604,86,264.0,36.0,-135.5733511999537,17.595473435482972,-145.32435280595288,57.606546481193504,,001,1,practice,0,low,0.3,4,
0.7143941251561046,87,263.0,39.0,-134.48231733410088,17.90960651600834,-144.32006786999696,57.40861300113371,,001,1,practice,0,low,0.3,4,
0.7285679171327502,88,263.0,39.0,-133.60949024141863,18.16091298042863,-143.5166399212322,57.25026621708587,,001,1,practice,0,low,0.3,4,
0.7312642920296639,89,259.0,44.0,-132.76683061919886,17.852119762212613,-142.32475763640045,55.96667680448725,,001,1,practice,0,low,0.3,4,
0.7452954580076039,90,259.0,44.0,-132.09270292142304,17.6050851876398,-141.37125180853505,54.93980527440835,,001,1,practice,0,low,0.3,4,
0.7483185830060393,91,250.0,50.0,-130.6113949110106,17.456236297874586,-138.49129592882588,53.67370629304956,,001,1,practice,0,low,0.3,4,
0.7621897081844509,92,250.0,50.0,-129.42634850268064,17.337157186062413,-136.18733122505856,52.66082710796253,,001,1,practice,0,low,0.3,4,
0.7650079999584705,93,244.0,53.0,-129.7676083975721,17.286221328537057,-135.67172663569528,51.65670580549917,,001,1,practice,0,low,0.3,4,
0.7786123331170529,94,244.0,53.0,-130.04061631348526,17.245472642516773,-135.25924296420467,50.853408763528485,,001,1,practice,0,low,0.3,4,
0.7811379581689835,95,237.0,55.0,-129.6634999939003,17.41955554090113,-133.47850938084719,50.33460234023848,,001,1,practice,0,low,0.3,4,
0.795333957998082,96,237.0,55.0,-129.36180693823232,17.558821859608614,-132.0539225141612,49.91955720160648,,001,1,practice,0,low,0.3,4,
0.7981414999812841,97,225.0,57.0,-129.84045249369794,19.493408423058103,-130.91425302081242,52.02062610282017,,001,1,practice,0,low,0.3,4,
0.8125715421047062,98,225.0,57.0,-130.22336893807045,21.041077673817693,-130.00251742613338,53.70148122379111,,001,1,practice,0,low,0.3,4,
0.8152314580511302,99,208.0,59.0,-131.54970209356844,20.00279908681805,-129.27312895039015,51.62271676684313,,001,1,practice,0,low,0.3,4,
0.8289675831329077,100,208.0,59.0,-132.61076861796684,19.172176217218336,-128.68961816979555,49.95970520128475,,001,1,practice,0,low,0.3,4,
0.8318704580888152,101,180.0,60.0,-135.13962183748555,22.490177124852696,-128.22280954531988,54.2328662392868,,001,1,practice,0,low,0.3,4,
0.8459253329783678,102,180.0,60.0,-137.16270441310053,25.144577850960182,-127.84936264573935,57.65139506968844,,001,1,practice,0,low,0.3,4,
0.8485958331730217,103,152.0,60.0,-140.46117047359252,31.18809843184617,-127.55060512607493,65.98621813400976,,001,1,practice,0,low,0.3,4,
0.8620020831003785,104,152.0,60.0,-143.0999433219861,36.022914896554965,-127.3115991103434,72.65407658546681,,001,1,practice,0,low,0.3,4,
0.8649816249962896,105,126.0,57.0,-146.77096160070096,43.37491872024667,-127.12039429775817,83.2228642779534,,001,1,practice,0,low,0.3,4,
0.879249167162925,106,126.0,57.0,-149.70777622367285,49.256521779200035,-126.96743044768998,91.67789443194269,,001,1,practice,0,low,0.3,4,
0.8817723749671131,107,110.0,55.0,-153.01722792205038,53.841804226362726,-126.84505936763543,98.44191855513411,,001,1,practice,0,low,0.3,4,
0.8956494999583811,108,110.0,55.0,-155.6647892807524,57.51003018409288,-126.7471625035918,103.85313785368724,,001,1,practice,0,low,0.3,4,
0.8983539580367506,109,95.0,52.0,-158.682838367714,60.264610950277,-126.66884501235688,108.18211329252975,,001,1,practice,0,low,0.3,4,
0.9126366670243442,110,95.0,52.0,-161.0972776372833,62.4682755632243,-126.60619101936895,111.64529364360376,,001,1,practice,0,low,0.3,4,
0.9151659170165658,111,79.0,48.0,-163.98882905293874,63.99120725358214,-126.55606782497861,114.41583792446298,,001,1,practice,0,low,0.3,4,
0.9286552921403199,112,79.0,48.0,-166.3020701854631,65.20955260586841,-126.51596926946634,116.63227334915034,,001,1,practice,0,low,0.3,4,
0.9313334999606013,113,51.0,40.0,-169.83266309148257,65.70422888769743,-126.48389042505652,118.40542168890023,,001,1,practice,0,low,0.3,4,
0.945929333101958,114,51.0,40.0,-172.65713741629816,66.09996991316063,-126.45822734952866,119.82394036070015,,001,1,practice,0,low,0.3,4,
0.9483977081254125,115,26.0,33.0,-176.41671687615062,65.9965627335312,-126.43769688910638,120.95875529814008,,001,1,practice,0,low,0.3,4,
0.9628098329994828,116,26.0,33.0,-179.42438044403258,65.91383698982766,-126.42127252076855,121.86660724809202,,001,1,practice,0,low,0.3,4,
0.9661807080265135,117,10.0,27.0,-180.4143700676987,65.20989237261709,-123.01364555375622,122.19608306198539,,001,1,practice,0,low,0.3,4,
0.9786127500701696,118,10.0,27.0,-181.2063617666316,64.64673667884864,-120.28754398014635,122.45966371310008,,001,1,practice,0,low,0.3,4,
0.9810860001016408,119,-9.0,18.0,-180.0366246153901,63.653865504936135,-113.90190484927588,122.66717592128077,,001,1,practice,0,low,0.3,4,
0.9956666671205312,120,-9.0,18.0,-179.1008348943969,62.85956856580613,-108.7933935445795,122.83318568782532,,001,1,practice,0,low,0.3,4,
0.9983380001503974,121,-28.0,6.0,-182.09715555382365,63.26828032933482,-108.4279451239957,125.48620680796482,,001,1,practice,0,low,0.3,4,
1.0123132499866188,122,-28.0,6.0,-184.49421208136505,63.595249740157776,-108.13558638752865,127.60862370407642,,001,1,practice,0,low,0.3,4,
1.016219667159021,123,-36.0,-2.0,-185.32496228184306,63.60842835909291,-105.66327793899053,129.63741877850396,,001,1,practice,0,low,0.3,4,
1.0285483750049025,124,-36.0,-2.0,-185.98956244222546,63.618971254241025,-103.68543118016005,131.26045483804597,,001,1,practice,0,low,0.3,4,
1.0311749579850584,125,-42.0,-11.0,-188.3948674835849,63.04114951579688,-104.26547507745785,132.49280360773298,,001,1,practice,0,low,0.3,4,
1.0461957501247525,126,-42.0,-11.0,-190.31911151667245,62.57889212504157,-104.72951019529609,133.47868262348257,,001,1,practice,0,low,0.3,4,
1.0494766251649708,127,-45.0,-22.0,-190.4426808283961,61.58568743951872,-102.82098698278612,134.3196733033414,,001,1,practice,0,low,0.3,4,
1.061982958111912,128,-45.0,-22.0,-190.54153627777504,60.791123691100445,-101.29416841277815,134.99246584722846,,001,1,practice,0,low,0.3,4,
1.0648012501187623,129,-42.0,-38.0,-188.268823836502,59.88634073775391,-96.9701466985201,136.5176542328925,,001,1,practice,0,low,0.3,4,
1.0786861251108348,130,-42.0,-38.0,-186.45065388348357,59.16251437507668,-93.51092932711364,137.73780494142375,,001,1,practice,0,low,0.3,4,
1.0817761670332402,131,-35.0,-48.0,-186.28449920894474,57.940635353697736,-93.18410012695408,138.6527570350528,,001,1,practice,0,low,0.3,4,
1.0953120831400156,132,-35.0,-48.0,-186.15157546931368,56.96313213659458,-92.92263676682643,139.38471870995602,,001,1,practice,0,low,0.3,4,
1.0980151670519263,133,-19.0,-64.0,-187.90337917152,53.774315215196644,-96.7393842128831,137.90341041028518,,001,1,practice,0,low,0.3,4,
1.1117066249717027,134,-19.0,-64.0,-189.30482213328503,51.223261678078295,-99.79278216972844,136.71836377054848,,001,1,practice,0,low,0.3,4,
1.1143081251066178,135,8.0,-80.0,-193.18208754839372,48.61694656063176,-108.48708774334278,136.33393747625647,,001,1,practice,0,low,0.3,4,
1.1289158330764621,136,8.0,-80.0,-196.28389988048067,46.53189446667453,-115.44253220223426,136.02639644082288,,001,1,practice,0,low,0.3,4,
1.1314214169979095,137,46.0,-99.0,-202.3792198456002,42.92366828103041,-129.42670219713312,134.63724288322123,,001,1,practice,0,low,0.3,4,
1.1450558330398053,138,46.0,-99.0,-207.25547581769584,40.037087332515114,-140.6140381930522,133.5259200371399,,001,1,practice,0,low,0.3,4,
1.1476620000321418,139,94.0,-118.0,-201.8329143217279,39.86111658389385,-140.3588123131526,137.31299606054768,,001,1,practice,0,low,0.3,4,
1.1617179999593645,140,94.0,-118.0,-197.49486512495358,39.72033998499685,-140.15463160923292,140.3426568792739,,001,1,practice,0,low,0.3,4,
1.1644487080629915,141,136.0,-132.0,-197.42557123144343,36.935769908771064,-148.45006628025334,140.14931582410034,,001,1,practice,0,low,0.3,4,
1.1783581250347197,142,136.0,-132.0,-197.3701361166353,34.708113847790436,-155.08641401706967,139.9946429799615,,001,1,practice,0,low,0.3,4,
1.1808279580436647,143,188.0,-143.0,-186.77230261763415,31.929396215930343,-149.77622733915894,139.3900578716853,,001,1,practice,0,low,0.3,4,
1.1951401671394706,144,188.0,-143.0,-178.29403581843323,29.70642211044227,-145.52807799683035,138.9063897850643,,001,1,practice,0,low,0.3,4,
1.1979534581769258,145,229.0,-146.0,-164.19102855618993,30.830342598378508,-135.18613877599242,142.92274070480568,,001,1,practice,0,low,0.3,4,
1.211829666979611,146,229.0,-146.0,-152.9086227463953,31.729478988727497,-126.91258739932206,146.13582144059876,,001,1,practice,0,low,0.3,4,
1.2146975421346724,147,248.0,-146.0,-145.40263396122023,32.43031632437632,-124.09365467321524,148.67989777690414,,001,1,practice,0,low,0.3,4,
1.2285269170533866,148,248.0,-146.0,-139.39784293308017,32.99098619289538,-121.83850849232978,150.71515884594845,,001,1,practice,0,low,0.3,4,
1.2313555001746863,149,258.0,-146.0,-132.5942746313233,33.46673583686898,-118.03476943441451,152.38224448569582,,001,1,practice,0,low,0.3,4,
1.2450968329794705,150,258.0,-146.0,-127.15141998991778,33.84733555204786,-114.99177818808231,153.71591299749372,,001,1,practice,0,low,0.3,4,
1.2477664579637349,151,270.0,-146.0,-120.39902240330004,34.231400672020605,-110.16007965745462,154.89654116097438,,001,1,practice,0,low,0.3,4,
1.26175562501885,152,270.0,-146.0,-114.99710433400584,34.538652767998805,-106.29472083295246,155.8410436917589,,001,1,practice,0,low,0.3,4,
1.2644064580090344,153,296.0,-145.0,-112.59814526713642,33.77633990834118,-108.17754147130208,155.07076780718626,,001,1,practice,0,low,0.3,4,
1.2784376670606434,154,296.0,-145.0,-110.67897801364087,33.16648962061508,-109.68379798198177,154.45454709952816,,001,1,practice,0,low,0.3,4,
1.2810441250912845,155,337.0,-142.0,-102.65754455544543,28.745882610693553,-105.13723225424121,148.0862465623436,,001,1,practice,0,low,0.3,4,
1.295075667090714,156,337.0,-142.0,-96.24039778888907,25.20939700275633,-101.49997967204877,142.99160613259596,,001,1,practice,0,low,0.3,4,
1.2973614169750363,157,384.0,-136.0,-94.53495032205511,20.51285073715881,-107.51627752973928,135.73395410415822,,001,1,practice,0,low,0.3,4,
1.311730292160064,158,384.0,-136.0,-93.17059234858795,16.755613724680796,-112.3293158158917,129.92783248140802,,001,1,practice,0,low,0.3,4,
1.3141527501866221,159,427.0,-123.0,-95.78782370348267,14.460331192441409,-125.16362892148287,125.18365957998361,,001,1,practice,0,low,0.3,4,
1.3284332500770688,160,427.0,-123.0,-97.88160878739845,12.624105166649898,-135.43107940595578,121.38832125884409,,001,1,practice,0,low,0.3,4,
1.3308760421350598,161,466.0,-103.0,-103.35272681475819,12.355124346016689,-152.4108825938586,118.35205060193246,,001,1,practice,0,low,0.3,4,
1.345091792056337,162,466.0,-103.0,-107.72962123664598,12.139939689510122,-165.99472514418082,115.92303407640317,,001,1,practice,0,low,0.3,4,
1.3477948331274092,163,484.0,-90.0,-113.25964123772064,12.747791964304868,-181.3025198466735,113.97982085597972,,001,1,practice,0,low,0.3,4,
1.3617876251228154,164,484.0,-90.0,-117.68365723858038,13.234073784140666,-193.54875560866765,112.42525027964098,,001,1,practice,0,low,0.3,4,
1.3643172080628574,165,489.0,-83.0,-120.92287003926816,15.24742477739527,-203.34574421826298,112.9020588719785,,001,1,practice,0,low,0.3,4,
1.3785007919650525,166,489.0,-83.0,-123.5142402798184,16.858105571998955,-211.18333510593925,113.28350574584852,,001,1,practice,0,low,0.3,4,
1.3812792079988867,167,490.0,-79.0,-126.10455368535874,18.382145887435883,-218.2780038347948,113.58222850173593,,001,1,practice,0,low,0.3,4,
1.3950602081604302,168,490.0,-79.0,-128.176804409791,19.601378139785425,-222.86781909871144,113.26930391851111,,001,1,practice,0,low,0.3,4,
1.3975485831033438,169,490.0,-79.0,-129.83460498933684,20.576763941665057,-223.7026136962718,111.6115613431538,,001,1,practice,0,low,0.3,4,
1.4117284580133855,170,490.0,-79.0,-131.1608454529735,21.357072583168765,-224.35297855519283,110.29841800050079,,001,1,practice,0,low,0.3,4,
1.414402374997735,171,486.0,-70.0,-131.08656812671015,22.620482292008983,-224.4313140026361,110.13893632612478,,001,1,practice,0,low,0.3,4,
1.4284098751377314,172,486.0,-70.0,-131.02714626569949,23.631210059081155,-224.49370889071562,110.0117024161094,,001,1,practice,0,low,0.3,4,
1.4313368331640959,173,482.0,-62.0,-129.96885905548905,24.98000136186225,-223.3093589762693,110.26668690613046,,001,1,practice,0,low,0.3,4,
1.4451075419783592,174,482.0,-62.0,-129.1222292873207,26.059034404087125,-222.36187904471223,110.4706744981473,,001,1,practice,0,low,0.3,4,
1.4478253750130534,175,476.0,-53.0,-130.3192570084809,27.462260837867024,-223.76722586474497,110.63386457176078,,001,1,practice,0,low,0.3,4,
1.461778833065182,176,476.0,-53.0,-131.27687918540903,28.584841984890943,-224.27346017172957,110.46001567354418,,001,1,practice,0,low,0.3,4,
1.4643248750362545,177,465.0,-41.0,-134.1191339423351,28.41726995514929,-225.78259493916522,107.34160340956728,,001,1,practice,0,low,0.3,4,
1.478443874977529,178,465.0,-41.0,-136.39293774787598,28.28321233135597,-226.95273532801585,104.84491369223213,,001,1,practice,0,low,0.3,4,
1.4813394581433386,179,445.0,-31.0,-142.538898043883,28.626338354548572,-228.67754996303444,101.02761079479166,,001,1,practice,0,low,0.3,4,
1.4953265830408782,180,445.0,-31.0,-147.4556662806886,28.900839173102653,-229.99006480123373,98.00290859318568,,001,1,practice,0,low,0.3,4,
1.4979966250248253,181,416.0,-22.0,-157.33896826888184,29.070483821233193,-232.12011258407003,92.84531939714928,,001,1,practice,0,low,0.3,4,
1.5117389580700547,182,416.0,-22.0,-165.24560985943646,29.206199539737625,-233.6981449069854,88.79851950924437,,001,1,practice,0,low,0.3,4,
1.5145432080607861,183,375.0,-12.0,-168.13646468049285,30.318454619573213,-231.72233991381353,88.10693978905826,,001,1,practice,0,low,0.3,4,
1.5292620421387255,184,375.0,-12.0,-170.44914853733798,31.208258683441684,-230.14169591927603,87.55367601290936,,001,1,practice,0,low,0.3,4,
1.5320116670336574,185,325.0,-5.0,-182.1945134061444,30.78563362657869,-235.5507105295813,83.76074718511884,,001,1,practice,0,low,0.3,4,
1.5453774170018733,186,325.0,-5.0,-191.59080530118956,30.447533581088294,-236.92821286424814,79.78108766464331,,001,1,practice,0,low,0.3,4,
1.5555442080367357,187,267.0,1.0,-210.54490298317776,32.36054740509718,-238.25039647061428,75.74132677472137,,001,1,practice,0,low,0.3,4,
1.5618348750285804,188,267.0,1.0,-225.70818112876833,33.89095846430429,-239.20941427444853,72.65573702382538,,001,1,practice,0,low,0.3,4,
1.5646307920105755,189,212.0,5.0,-234.2487898975253,38.83829040616929,-237.71299338884742,77.41145118206857,,001,1,practice,0,low,0.3,4,
1.5784770420286804,190,212.0,5.0,-241.0812769125309,42.79615595966129,-236.45872570181675,81.16200490052582,,001,1,practice,0,low,0.3,4,
1.5816478750202805,191,167.0,4.0,-243.18698662797516,47.629471151392494,-228.4084759987581,87.1824817549383,,001,1,practice,0,low,0.3,4,
1.5952987500932068,192,167.0,4.0,-244.64867554649766,51.44925221365741,-221.96827623631117,91.99886323846829,,001,1,practice,0,low,0.3,4,
1.5981317500118166,193,125.0,2.0,-242.62966762960286,54.41958881361705,-208.4065990909549,95.84770396422323,,001,1,practice,0,low,0.3,4,
1.6117454171180725,194,125.0,2.0,-241.01446129608703,56.795858093584755,-197.5572573746699,98.92677654482718,,001,1,practice,0,low,0.3,4,
1.6145055000670254,195,89.0,-5.0,-242.4911179849083,60.811657586595075,-194.42831064437672,106.18499592180187,,001,1,practice,0,low,0.3,4,
1.628547792090103,196,89.0,-5.0,-241.80061367491018,63.50167892612639,-191.9251532601422,111.99157142338163,,001,1,practice,0,low,0.3,4,
1.6312966251280159,197,68.0,-12.0,-241.70105962583338,63.87955679048911,-194.3261299861047,116.17948670542077,,001,1,practice,0,low,0.3,4,
1.6451712080743164,198,68.0,-12.0,-241.6229312460797,64.17444270153221,-196.24691136687468,119.52981893105209,,001,1,practice,0,low,0.3,4,
1.647892292123288,199,48.0,-24.0,-241.90812334077137,63.090885726435594,-193.44118928018122,120.5059659157783,,001,1,practice,0,low,0.3,4,
1.6618234580382705,200,48.0,-24.0,-242.13087230268877,62.23054457369807,-191.19661161082644,121.28688350355927,,001,1,practice,0,low,0.3,4,
1.6651234170421958,201,34.0,-34.0,-241.93169542796667,63.00043450127593,-189.5423591733362,125.34964074085453,,001,1,practice,0,low,0.3,4,
1.6786856669932604,202,34.0,-34.0,-241.77217502185013,63.60986861489234,-188.218957223344,128.59984653069074,,001,1,practice,0,low,0.3,4,
1.689579833066091,203,24.0,-46.0,-241.59130675414934,64.29339391276922,-184.12964707738587,131.95864995844508,,001,1,practice,0,low,0.3,4,
1.695094499969855,204,24.0,-46.0,-241.44543637974581,64.83904110483225,-180.85819896061935,134.64569270064854,,001,1,practice,0,low,0.3,4,
1.6978025420103222,205,11.0,-59.0,-239.8191354888107,64.57189664903734,-174.5640852050361,136.79532689441132,,001,1,practice,0,low,0.3,4,
1.7119092501234263,206,11.0,-59.0,-238.5180947760626,64.35818108440142,-169.52879420056948,138.51503424942155,,001,1,practice,0,low,0.3,4,
1.7146265001501888,207,5.0,-71.0,-237.83726220586414,63.46720863269268,-165.5005613969962,139.8908001334297,,001,1,practice,0,low,0.3,4,
1.728625874966383,208,5.0,-71.0,-237.29259614970536,62.75443067132569,-162.27797515413758,140.99141284063626,,001,1,practice,0,low,0.3,4,
1.7313289581798017,209,1.0,-85.0,-239.1352940737769,61.3442083022321,-162.61195011556288,141.87190300640148,,001,1,practice,0,low,0.3,4,
1.7452962081879377,210,1.0,-85.0,-240.60945241303412,60.21603040695722,-162.87913008470312,142.57629513901367,,001,1,practice,0,low,0.3,4,
1.7485819580033422,211,0.0,-106.0,-238.91841400205342,57.77751620099119,-158.90663822803464,142.7455632883232,,001,1,practice,0,low,0.3,4,
1.7622115421108902,212,0.0,-106.0,-237.56558327326886,55.826704836218354,-155.72864474269983,142.88097780777085,,001,1,practice,0,low,0.3,4,
1.7650909170042723,213,0.0,-121.0,-237.19846775403497,55.34053335038982,-154.20789147413734,145.80999171759998,,001,1,practice,0,low,0.3,4,
1.7787040420807898,214,0.0,-121.0,-236.90477533864785,54.95159616172699,-152.99128885928735,148.1532028454633,,001,1,practice,0,low,0.3,4,
1.7812691670842469,215,1.0,-135.0,-238.47430262008896,54.420857406484544,-154.68155135847994,150.91407317016512,,001,1,practice,0,low,0.3,4,
1.7953092081006616,216,1.0,-135.0,-239.72992444524183,53.99626640229059,-156.033761357834,153.1227694299266,,001,1,practice,0,low,0.3,4,
1.798361875116825,217,8.0,-148.0,-242.38124433802128,52.84426664632289,-160.06813283254175,154.84354507686072,,001,1,practice,0,low,0.3,4,
1.8121430419851094,218,8.0,-148.0,-244.50230025224482,51.92266684154874,-163.29563001230795,156.22016559440803,,001,1,practice,0,low,0.3,4,
1.8153719999827445,219,21.0,-163.0,-242.64026779942023,50.2698436675318,-161.90780320725887,157.29925725102072,,001,1,practice,0,low,0.3,4,
1.8287307920400053,220,21.0,-163.0,-241.15064183716058,48.94758512831825,-160.7975417632196,158.16253057631087,,001,1,practice,0,low,0.3,4,
1.831242874963209,221,47.0,-181.0,-242.82097692386438,47.02331724825681,-166.22652668871896,159.1582048812707,,001,1,practice,0,low,0.3,4,
1.8452495830133557,222,47.0,-181.0,-244.1572449932274,45.48390294420766,-170.56971462911844,159.95474432523855,,001,1,practice,0,low,0.3,4,
1.8478642080444843,223,80.0,-199.0,-246.53739633881207,41.46458979031971,-181.28797187128345,158.5798351065091,,001,1,practice,0,low,0.3,4,
1.8619897500611842,224,80.0,-199.0,-247.08581861675665,38.060455048346626,-189.86257766501544,157.47990773152554,,001,1,practice,0,low,0.3,4,
1.8647418331820518,225,122.0,-215.0,-247.97890720917175,31.724778633506688,-200.25592166613012,149.658163284362,,001,1,practice,0,low,0.3,4,
1.878659375011921,226,122.0,-215.0,-248.56735953331594,26.72578856900639,-205.90242861686136,141.7892446191823,,001,1,practice,0,low,0.3,4,
1.8813632500823587,227,185.0,-233.0,-249.09393007040754,21.265323935433745,-213.61071237910906,129.88634861635592,,001,1,practice,0,low,0.3,4,
1.8956428749952465,228,185.0,-233.0,-249.42065169640614,17.00995318453445,-218.9785982452423,120.61663861403518,,001,1,practice,0,low,0.3,4,
1.898375250166282,229,224.0,-239.0,-247.53786206992677,14.566671898298825,-220.67416480652332,117.48579908628695,,001,1,practice,0,low,0.3,4,
1.9125800421461463,230,224.0,-239.0,-246.0316303687433,12.612046869310324,-221.9742407159725,115.01059281026028,,001,1,practice,0,low,0.3,4,
1.9153070419561118,231,264.0,-244.0,-248.06886417003813,10.62439957816518,-224.60325503011492,109.7878765159303,,001,1,practice,0,low,0.3,4,
1.9286653329618275,232,264.0,-244.0,-249.698651211074,9.034281745249064,-226.55057816566338,105.71109465332229,,001,1,practice,0,low,0.3,4,
1.9315186250023544,233,295.0,-245.0,-249.91922158636984,6.354736946796201,-229.58307168042967,98.95258055138683,,001,1,practice,0,low,0.3,4,
1.9460764171089977,234,295.0,-245.0,-249.96418049962404,4.2318396887595195,-231.78174896471103,93.68682322962859,,001,1,practice,0,low,0.3,4,
1.9489197919610888,235,325.0,-244.0,-249.98665061329683,2.583508301795872,-234.1279700757935,87.65896205288047,,001,1,practice,0,low,0.3,4,
1.962362457998097,236,325.0,-244.0,-249.99670125649126,1.2842744537949375,-235.82079587394733,82.99730256687907,,001,1,practice,0,low,0.3,4,
1.9651863749604672,237,355.0,-239.0,-246.95032433731959,0.560316936201977,-236.45290208476956,81.17896954070302,,001,1,practice,0,low,0.3,4,
1.9794316249899566,238,355.0,-239.0,-244.51322280198224,-0.01884907787239154,-236.9438329744574,79.73468514625509,,001,1,practice,0,low,0.3,4,
1.9821515001822263,239,388.0,-229.0,-235.7560784718337,0.1178181108681135,-232.25572521283846,79.19020489097194,,001,1,practice,0,low,0.3,4,
1.995257708011195,240,388.0,-229.0,-228.75036300771484,0.22715186186051756,-228.50523900354332,78.75462068674543,,001,1,practice,0,low,0.3,4,
1.9979279171675444,241,412.0,-217.0,-219.73696925879904,4.233953540837318,-222.69224806807756,82.97663143505403,,001,1,practice,0,low,0.3,4,
2.012902917107567,242,412.0,-217.0,-212.5262542596664,7.439394884018759,-218.04185531970495,86.35424003370092,,001,1,practice,0,low,0.3,4,
2.0155336251482368,243,452.0,-185.0,-197.19570396794452,11.55433363972158,-204.09014356041297,88.5285921714151,,001,1,practice,0,low,0.3,4,
2.0289361670147628,244,452.0,-185.0,-184.93126373456704,14.846284644283838,-192.92877415297937,90.26807388158645,,001,1,practice,0,low,0.3,4,
2.0323376250453293,245,489.0,-146.0,-165.42028558411516,20.657811588529004,-173.3147843931041,92.85675373628833,,001,1,practice,0,low,0.3,4,
2.0464158330578357,246,489.0,-146.0,-149.81150306375366,25.307033143925135,-157.6235925852039,94.92769762004983,,001,1,practice,0,low,0.3,4,
2.049483375158161,247,514.0,-111.0,-141.84168719082817,30.895797963162693,-153.66665362940333,96.2550064055171,,001,1,practice,0,low,0.3,4,
2.062080000061542,248,514.0,-111.0,-135.46583449248777,35.36680981855274,-150.50110246476285,97.31685343389091,,001,1,practice,0,low,0.3,4,
2.0647179170046,249,533.0,-72.0,-135.22083115833465,42.25265770933389,-156.5339169966493,99.55067163726014,,001,1,practice,0,low,0.3,4,
2.078676874982193,250,533.0,-72.0,-135.02482849101216,47.76133602195881,-161.36016862215848,101.33772619995551,,001,1,practice,0,low,0.3,4,
2.0814145421609282,251,541.0,-42.0,-130.7603837098598,51.573574343016986,-160.03882328357392,99.34636366576645,,001,1,practice,0,low,0.3,4,
2.095748750027269,252,541.0,-42.0,-127.34882788493795,54.623364999863526,-158.98174701270625,97.7532736384152,,001,1,practice,0,low,0.3,4,
2.098288542125374,253,543.0,-18.0,-122.36692607105454,55.89172792687263,-155.08943291894653,92.74813076157972,,001,1,practice,0,low,0.3,4,
2.1120253331027925,254,543.0,-18.0,-118.3814046199478,56.90641826847992,-151.97558164393874,88.74401646011134,,001,1,practice,0,low,0.3,4,
2.121319000143558,255,538.0,-1.0,-113.51263415514494,60.23235954977749,-146.65542447547898,87.6752807446677,,001,1,practice,0,low,0.3,4,
2.1287672920152545,256,538.0,-1.0,-109.61761778330265,62.893112574815554,-142.39929874071117,86.82029217231279,,001,1,practice,0,low,0.3,4,
2.1315309170167893,257,515.0,18.0,-112.05820617507818,66.16171499484601,-144.96097170896743,86.13630131442886,,001,1,practice,0,low,0.3,4,
2.145288458094001,258,515.0,18.0,-114.01067688849861,68.77659693087037,-147.01031008357245,85.58910862812172,,001,1,practice,0,low,0.3,4,
2.1480636671185493,259,424.0,50.0,-121.03265345923495,72.78850247968985,-148.64978078325646,85.151354479076,,001,1,practice,0,low,0.3,4,
2.1620326251722872,260,424.0,50.0,-126.65023471582403,75.99802691874544,-149.96135734300367,84.80115115983943,,001,1,practice,0,low,0.3,4,
2.1650547080207616,261,318.0,67.0,-137.5042997210953,79.58564646998991,-151.01061859080144,84.52098850445017,,001,1,practice,0,low,0.3,4,
2.1786174171138555,262,318.0,67.0,-146.1875517253123,82.45574211098548,-151.85002758903966,84.29685838013877,,001,1,practice,0,low,0.3,4,
2.1886035420466214,263,206.0,75.0,-159.8541533286859,85.23181862378195,-152.52155478763024,84.11755428068965,,001,1,practice,0,low,0.3,4,
2.1950785000808537,264,206.0,75.0,-170.78743461138478,87.45267983401912,-153.05877654650268,83.97411100113035,,001,1,practice,0,low,0.3,4,
2.197833999991417,265,94.0,77.0,-186.2540596375439,89.34936880220886,-153.48855395360064,83.85935637748291,,001,1,practice,0,low,0.3,4,
2.212030875030905,266,94.0,77.0,-198.62735965847116,90.86671997676065,-153.83237587927903,83.76755267856495,,001,1,practice,0,low,0.3,4,
2.21468387497589,267,36.0,76.0,-212.005999675213,92.02060091640207,-154.10743341982172,83.6941097194306,,001,1,practice,0,low,0.3,4,
2.228689042152837,268,36.0,76.0,-222.70891168860646,92.94370566811521,-154.3274794522559,83.63535535212311,,001,1,practice,0,low,0.3,4,
2.2315740829799324,269,23.0,75.0,-232.0946828622719,92.9088703357297,-157.11119724028427,83.58835185827712,,001,1,practice,0,low,0.3,4,
2.2451405830215663,270,23.0,75.0,-233.09310057937788,90.3748109945024,-159.33817147070698,83.55074906320033,,001,1,practice,0,low,0.3,4,
2.247800667071715,271,25.0,75.0,-233.80264911182658,88.52299852745669,-160.71975085504516,83.5206668271389,,001,1,practice,0,low,0.3,4,
2.261822417145595,272,25.0,75.0,-234.34848992310293,87.06770509644393,-161.8250143625157,83.49660103828975,,001,1,practice,0,low,0.3,4,
2.2646982921287417,273,37.0,74.0,-234.90220478489476,85.56257468774152,-165.1175440842506,83.47734840721044,,001,1,practice,0,low,0.3,4,
2.2784579580184072,274,37.0,74.0,-235.33133967747548,84.3751181664634,-167.7515678616385,83.46194630234699,,001,1,practice,0,low,0.3,4,
2.281007500132546,275,70.0,73.0,-236.01904830361568,82.43184359126968,-176.45786072649906,83.22109800011621,,001,1,practice,0,low,0.3,4,
2.2951372920069844,276,70.0,73.0,-236.5481620991549,80.90097037435304,-183.42289501838752,83.0284193583316,,001,1,practice,0,low,0.3,4,
2.2977180830202997,277,113.0,74.0,-237.9595791860342,76.65010550289877,-196.79051181948077,79.2371365779157,,001,1,practice,0,low,0.3,4,
2.311769833089784,278,113.0,74.0,-239.0150367825992,73.29264759723685,-207.48460526035535,76.20411035358299,,001,1,practice,0,low,0.3,4,
2.3142222079914063,279,145.0,78.0,-236.88954438718412,71.77869404659995,-209.5927455565039,73.59206260031746,,001,1,practice,0,low,0.3,4,
2.3284004169981927,280,145.0,78.0,-235.18915047085207,70.56753120609044,-211.27925779342274,71.50242439770504,,001,1,practice,0,low,0.3,4,
2.330797417089343,281,171.0,81.0,-235.74672422071774,68.62521941918611,-217.5968802728597,68.18302595776267,,001,1,practice,0,low,0.3,4,
2.346582500031218,282,171.0,81.0,-236.19278322061027,67.07136998966266,-222.65097825640927,65.52750720580877,,001,1,practice,0,low,0.3,4,
2.3491153330542147,283,175.0,82.0,-235.7347212042007,65.9400532993865,-225.87295776278663,63.47703913759226,,001,1,practice,0,low,0.3,4,
2.3617207501083612,284,175.0,82.0,-235.36827159107304,65.03499994716559,-228.45054136788852,61.83666468301904,,001,1,practice,0,low,0.3,4,
2.3644125831779093,285,174.0,82.0,-235.027325937188,64.40030034624922,-230.3586283042802,60.65199809201815,,001,1,practice,0,low,0.3,4,
2.379458000184968,286,174.0,82.0,-234.75456941408,63.89254066551614,-231.88509785339352,59.704264819217435,,001,1,practice,0,low,0.3,4,
2.397859458113089,287,159.0,85.0,-237.46991256818296,64.33795857286617,-236.0113425963833,59.90554341802901,,001,1,practice,0,low,0.3,4,
2.4129488749895245,288,124.0,88.0,-242.12565777047092,62.25083010865643,-243.35101716013054,57.273750070428164,,001,1,practice,0,low,0.3,4,
2.431277957977727,289,67.0,92.0,-243.64024447726038,56.03062797310756,-245.03590510427233,49.57222215848344,,001,1,practice,0,low,0.3,4,
2.445465042022988,290,-16.0,93.0,-245.112859516542,49.190304935261146,-246.38652316826074,42.35187364280471,,001,1,practice,0,low,0.3,4,
2.4481475001666695,291,-48.0,93.0,-245.65781536631198,46.392216474867624,-246.68214093659884,40.59459745995748,,001,1,practice,0,low,0.3,4,
2.4622074579820037,292,-48.0,93.0,-246.0432727504666,44.30245968611124,-246.89626788633382,39.27127326430461,,001,1,practice,0,low,0.3,4,
2.464831250021234,293,-57.0,94.0,-246.29029867005914,42.90791047129982,-247.01019864237628,38.54817462155395,,001,1,practice,0,low,0.3,4,
2.4788376251235604,294,-57.0,94.0,-246.47412931265384,41.839019820846914,-247.09681784792835,37.98898010512697,,001,1,practice,0,low,0.3,4,
2.4822703329846263,295,-52.0,94.0,-246.5703786494234,41.268006647765056,-247.11952862374054,37.84096421578463,,001,1,practice,0,low,0.3,4,
2.495266792131588,296,-52.0,94.0,-246.64454405023204,40.82240671804101,-247.13729133421722,37.72478272947692,,001,1,practice,0,low,0.3,4,
2.4983885830733925,297,-20.0,94.0,-246.62619294543143,40.933127821397214,-247.10533611377738,37.93353218587896,,001,1,practice,0,low,0.3,4,
2.5119673751760274,298,-20.0,94.0,-246.61182990169462,41.01957279808774,-247.080462640833,38.09520942575236,,001,1,practice,0,low,0.3,4,
2.514658583095297,299,15.0,94.0,-244.45280229571654,41.839694645180735,-246.5445338925035,39.14404057409722,,001,1,practice,0,low,0.3,4,
2.52856820798479,300,15.0,94.0,-242.72558021093408,42.495792122855136,-246.1157908938399,39.983105492773106,,001,1,practice,0,low,0.3,4,
2.5312078329734504,301,187.0,100.0,-231.02380254310813,43.38067010499466,-245.772796494909,40.65435742771382,,001,1,practice,0,low,0.3,4,
2.546060875058174,302,187.0,100.0,-221.66238040884735,44.08857249070627,-245.49840097576427,41.19135897566639,,001,1,practice,0,low,0.3,4,
2.5488935420289636,303,304.0,105.0,-190.75829225930565,44.95489439927556,-221.85752678597265,41.62096021402844,,001,1,practice,0,low,0.3,4,
2.5626607921440154,304,304.0,105.0,-166.0350217396723,45.64795192613099,-202.94482743413937,41.964641204718085,,001,1,practice,0,low,0.3,4,
2.566136042121798,305,347.0,106.0,-143.67640532396558,46.26239794761534,-187.81466795267275,42.2395859972698,,001,1,practice,0,low,0.3,4,
2.578592542093247,306,347.0,106.0,-125.78951219140023,46.75395476480282,-175.71054036749945,42.45954183131117,,001,1,practice,0,low,0.3,4,
2.581271167146042,307,359.0,106.0,-110.75999768534795,47.147200218552804,-166.02723829936082,42.63550649854427,,001,1,practice,0,low,0.3,4,
2.5955537501722574,308,359.0,106.0,-98.73638608050612,47.46179658155279,-158.2805966448499,42.776278232330746,,001,1,practice,0,low,0.3,4,
2.598049292108044,309,359.0,106.0,-89.11749679663266,47.71347367195278,-152.08328332124117,42.88889561935993,,001,1,practice,0,low,0.3,4,
2.6118905001785606,310,359.0,106.0,-81.4223853695339,47.91481534427277,-147.12543266235417,42.97898952898328,,001,1,practice,0,low,0.3,4,
2.6144901250954717,311,348.0,106.0,-75.92629622785488,48.07588868212876,-143.1591521352446,43.05106465668195,,001,1,practice,0,low,0.3,4,
2.6292526251636446,312,348.0,106.0,-71.52942491451167,48.204747352413555,-139.98612771355693,43.10872475884089,,001,1,practice,0,low,0.3,4,
2.6318620000965893,313,288.0,106.0,-71.6119278638371,48.30783428864139,-137.4477081762068,43.15485284056805,,001,1,practice,0,low,0.3,4,
2.647032333072275,314,288.0,106.0,-71.67793022329744,48.390303837623655,-135.4169725463267,43.19175530594977,,001,1,practice,0,low,0.3,4,
2.6661861250177026,315,188.0,105.0,-77.73073211086572,48.39627947680947,-133.7923840424226,43.221277278255144,,001,1,practice,0,low,0.3,4,
2.678836917039007,316,-4.0,105.0,-94.09297362092033,48.40105998815812,-132.49271323929935,43.24489485609945,,001,1,practice,0,low,0.3,4,
2.687493124976754,317,-96.0,105.0,-112.70276682896403,48.40488439723704,-131.45297659680074,43.26378891837489,,001,1,practice,0,low,0.3,4,
2.6954895830713212,318,-96.0,105.0,-127.59060139539899,48.40794392450018,-130.62118728280186,43.27890416819525,,001,1,practice,0,low,0.3,4,
2.698457167018205,319,-149.0,105.0,-142.68086904854695,48.41039154631069,-129.95575583160274,43.29099636805153,,001,1,practice,0,low,0.3,4,
2.711753875017166,320,-149.0,105.0,-154.75308317106533,48.4123496437591,-129.42341067064345,43.300670127936556,,001,1,practice,0,low,0.3,4,
2.7145865419879556,321,-157.0,105.0,-164.89085446908004,48.413916121717826,-128.997534541876,43.30840913584458,,001,1,practice,0,low,0.3,4,
2.7284051249735057,322,-157.0,105.0,-173.0010715074918,48.415169304084806,-128.65683363886205,43.314600342171,,001,1,practice,0,low,0.3,4,
2.7314318330027163,323,-157.0,105.0,-179.4892451382212,48.41617184997839,-128.3842729164509,43.319553307232134,,001,1,practice,0,low,0.3,4,
2.7451095001306385,324,-157.0,105.0,-184.67978404280473,48.416973886693256,-128.16622433852197,43.32351567928104,,001,1,practice,0,low,0.3,4,
2.753778542159125,325,-157.0,105.0,-188.83221516647154,48.41761551606515,-127.99178547617883,43.32668557692016,,001,1,practice,0,low,0.3,4,
2.7619145831558853,326,-157.0,105.0,-192.154160065405,48.41812881956266,-127.85223438630432,43.32922149503146,,001,1,practice,0,low,0.3,4,
2.764779542107135,327,-152.0,104.0,-195.20651767145975,48.52240103769125,-128.73316735284467,43.565338194278475,,001,1,practice,0,low,0.3,4,
2.7786084581166506,328,-152.0,104.0,-197.64840375630354,48.60581881219413,-129.43791372607697,43.754231553676085,,001,1,practice,0,low,0.3,4,
2.7813603749964386,329,-145.0,102.0,-200.05349620553218,49.08089199563956,-131.24683022659653,44.660116189541505,,001,1,practice,0,low,0.3,4,
2.795185583177954,330,-145.0,102.0,-201.9775701649151,49.460950542395906,-132.69396342701216,45.38482389823384,,001,1,practice,0,low,0.3,4,
2.7983675829600543,331,-136.0,99.0,-201.6512000256221,49.666893295173764,-131.95791383477422,46.081584230005966,,001,1,practice,0,low,0.3,4,
2.8120150421746075,332,-136.0,99.0,-201.3901039141877,49.83164749739605,-131.36907416098387,46.638992495423665,,001,1,practice,0,low,0.3,4,
2.814780500018969,333,-131.0,97.0,-200.12795255207507,49.87471694909753,-129.8218960320014,47.1295849505059,,001,1,practice,0,low,0.3,4,
2.8286990420892835,334,-131.0,97.0,-199.11823146238495,49.90917251045872,-128.58415352881542,47.52205891457169,,001,1,practice,0,low,0.3,4,
2.831534583121538,335,-131.0,97.0,-198.31045459063287,49.936736959547666,-127.59395952626664,47.83603808582432,,001,1,practice,0,low,0.3,4,
2.8453250001184642,336,-131.0,97.0,-197.6642330932312,49.95878851881882,-126.80180432422762,48.087221422826424,,001,1,practice,0,low,0.3,4,
2.8484226670116186,337,-131.0,97.0,-197.14725589530985,49.976429766235746,-126.1680801625964,48.28816809242811,,001,1,practice,0,low,0.3,4,
2.861987667158246,338,-131.0,97.0,-196.73367413697278,49.99054276416929,-125.66110083329143,48.448925428109455,,001,1,practice,0,low,0.3,4,
2.8646890830714256,339,-131.0,95.0,-196.15816350513165,50.01802682536725,-124.90602419103108,48.77209367215614,,001,1,practice,0,low,0.3,4,
2.8786232080310583,340,-131.0,95.0,-195.69775499965877,50.04001407432562,-124.30196287722279,49.03062826739348,,001,1,practice,0,low,0.3,4,
2.881310625001788,341,-131.0,93.0,-195.60928534858434,49.92866106942141,-124.21850975946742,49.224680509196354,,001,1,practice,0,low,0.3,4,
2.8957089581526816,342,-131.0,93.0,-195.53850962772478,49.83957866549804,-124.15174726526313,49.379922302638654,,001,1,practice,0,low,0.3,4,
2.898614250123501,343,-131.0,89.0,-195.9519044597758,49.2238697829265,-124.76978785381206,49.069197223916994,,001,1,practice,0,low,0.3,4,
2.9119157921522856,344,-131.0,89.0,-196.28262032541662,48.73130267686926,-125.2642203246512,48.82061716093967,,001,1,practice,0,low,0.3,4,
2.914738666964695,345,-129.0,78.0,-197.99244060217913,47.67724899202348,-127.8958342788223,48.621753110557805,,001,1,practice,0,low,0.3,4,
2.929311042185873,346,-129.0,78.0,-199.36029682358912,46.83400604414685,-130.00112544215918,48.46266187025232,,001,1,practice,0,low,0.3,4,
2.9318805830553174,347,-124.0,65.0,-202.1045561595229,45.37941168584554,-134.4710360282655,48.335388878007926,,001,1,practice,0,low,0.3,4,
2.945332083152607,348,-124.0,65.0,-204.29996362826992,44.2157361992045,-138.04696449715055,48.233570484212414,,001,1,practice,0,low,0.3,4,
2.9480152500327677,349,-116.0,51.0,-203.31885743374394,42.444795809891666,-137.6828041729392,48.15211576917601,,001,1,practice,0,low,0.3,4,
2.9628459170926362,350,-116.0,51.0,-202.53397247812316,41.0280434984414,-137.3914759135701,48.086951997146876,,001,1,practice,0,low,0.3,4,
2.9655197081156075,351,-105.0,36.0,-198.6419139803432,38.994641649281185,-133.43819825852717,48.03482097952357,,001,1,practice,0,low,0.3,4,
2.9785959171131253,352,-105.0,36.0,-195.5282671821192,37.36792016995302,-130.27557613449284,47.99311616542493,,001,1,practice,0,low,0.3,4,
2.9811223330907524,353,-95.0,25.0,-194.50482848016014,35.16752065777687,-130.69901948757982,47.61829184455514,,001,1,practice,0,low,0.3,4,
2.9957213329616934,354,-95.0,25.0,-193.6860775185929,33.40720104803595,-131.0377741700494,47.3184323878593,,001,1,practice,0,low,0.3,4,
2.9990235830191523,355,-81.0,11.0,-194.90496488265515,30.595020542695416,-135.18576096361943,46.27293794029149,,001,1,practice,0,low,0.3,4,
0.0001607921440154314,1,38.0,318.0,-86.39676595155767,7.572887070270033,137.28129361937695,7.589154828108015,,001,2,practice,90,high,0.6,3,
0.002724874997511506,2,0.0,0.0,28.089055335638534,21.204083796756095,190.70762213425542,12.12963351870244,,001,2,practice,90,high,0.6,3,
0.017050000140443444,3,0.0,0.0,119.67771236539551,32.109041177944945,233.4486849461582,15.76201647117798,,001,2,practice,90,high,0.6,3,
0.019640000071376562,4,0.0,0.0,192.94863798920107,40.833007082896025,249.394081984873,17.395168033751176,,001,2,practice,90,high,0.6,3,
0.03384620905853808,5,0.0,0.0,245.60347036662094,46.6790675128836,249.36773515035537,17.768867886903898,,001,2,practice,90,high,0.6,3,
0.03648066706955433,6,0.0,0.0,246.10240462488235,43.97279201791355,249.34800234226856,18.043661710418682,,001,2,practice,90,high,0.6,3,
0.053351250011473894,7,0.0,0.0,246.43165150075313,42.08849175975983,249.33305485635788,18.249048084665464,,001,2,practice,90,high,0.6,3,
0.06658550002612174,8,0.0,0.0,246.65784464446858,40.74196454940768,249.32162076577342,18.40460319398015,,001,2,practice,90,high,0.6,3,
0.06873175012879074,9,0.0,0.0,246.8182134273902,39.75889234512512,249.31280160694834,18.52368632034174,,001,2,practice,90,high,0.6,3,
0.0831282502040267,10,0.0,0.0,246.93476647867075,39.028465305778376,249.30595240208123,18.615641189366034,,001,2,practice,90,high,0.6,3,
0.08527041715569794,11,0.0,0.0,247.02114958207903,38.477937303708785,249.3006029073555,18.68714504757331,,001,2,practice,90,high,0.6,3,
0.09995041717775166,12,0.0,0.0,247.08617299960193,38.05815434845442,249.2964053548148,18.743059439906336,,001,2,practice,90,high,0.6,3,
0.10203283419832587,13,0.0,0.0,247.13572491962478,37.735042976675345,249.29309926239088,18.78698113459724,,001,2,practice,90,high,0.6,3,
0.12023075018078089,14,0.0,0.0,247.17385849919805,37.48444576912466,249.29048734726885,18.821607746449068,,001,2,practice,90,high,0.6,3,
0.1338911671191454,15,0.0,0.0,247.20343492330997,37.28889596269737,249.28841875967862,18.848985975354566,,001,2,practice,90,high,0.6,3,
0.13633383414708078,16,0.0,0.0,247.22651769649718,37.13554830164163,249.28677721727632,18.87068373493762,,001,2,practice,90,high,0.6,3,
0.15006458410061896,17,0.0,0.0,247.24462227580648,37.01481805566227,249.28547247355775,18.887911838926964,,001,2,practice,90,high,0.6,3,
0.15244804206304252,18,0.0,0.0,247.25887875111508,36.9194647678077,249.2844340920176,18.901611556228588,,001,2,practice,90,high,0.6,3,
0.16670833411626518,19,0.0,0.0,247.2701406730262,36.84396194143404,249.28360684096532,18.912518614901835,,001,2,practice,90,high,0.6,3,
0.16922266711480916,20,0.0,0.0,247.2790596060515,36.784054702368195,249.28294724545398,18.9212106541894,,001,2,practice,90,high,0.6,3,
0.1834325841628015,21,0.0,0.0,247.28613731255106,36.736443663454295,249.28242097771553,18.928142843105825,,001,2,practice,90,high,0.6,3,
0.1867237500846386,22,0.0,0.0,247.2917629936444,36.69855522354006,249.28200086366897,18.93367490493423,,001,2,practice,90,high,0.6,3,
0.20063195913098752,23,0.0,0.0,247.29624032968604,36.66837218642456,249.28166534780402,18.938091810566377,,001,2,practice,90,high,0.6,3,
0.20319291716441512,24,0.0,0.0,247.2998074166265,36.64430722089664,249.2813973029814,18.941619747876583,,001,2,practice,90,high,0.6,3,
0.21725829201750457,25,0.0,0.0,247.30265166233374,36.6251072459648,249.28118310237062,18.944438526448174,,001,2,practice,90,high,0.6,3,
0.21986800013110042,26,0.0,0.0,247.30492104628942,36.60978047309974,249.28101189234354,18.9466912660047,,001,2,practice,90,high,0.6,3,
0.2340631252154708,27,0.0,0.0,247.30673271490363,36.597540270887514,249.2808750205676,18.948491997522396,,001,2,practice,90,high,0.6,3,
0.236939542228356,28,0.0,0.0,247.30817959798512,36.58776166877045,249.28076558471872,18.949931648861252,,001,2,practice,90,high,0.6,3,
0.2501328750513494,29,0.0,0.0,247.30933553777672,36.579947455721886,249.28067807543263,18.95108277256241,,001,2,practice,90,high,0.6,3,
0.2527643342036754,30,-7.0,26.0,242.1456185151764,36.60631402480172,244.10995370136098,18.11986533563836,,001,2,practice,90,high,0.6,3,
0.26690316712483764,31,-7.0,26.0,238.01464489709616,36.62740728006558,239.97337420210366,17.45489138609912,,001,2,practice,90,high,0.6,3,
0.26941100019030273,32,-17.0,44.0,238.82811805902676,36.64428188427667,236.15141142525573,15.72291222646773,,001,2,practice,90,high,0.6,3,
0.28351029218174517,33,-17.0,44.0,239.47889658857125,36.65778156764555,233.09384120377737,14.337328898762618,,001,2,practice,90,high,0.6,3,
0.2864336250349879,34,-32.0,51.0,243.3101084836562,36.66858131434065,231.13202065517444,11.428862236598528,,001,2,practice,90,high,0.6,3,
0.30006654211319983,35,-32.0,51.0,246.37507799972417,36.67722111169673,229.5625642162921,9.102088906867255,,001,2,practice,90,high,0.6,3,
0.3032298341859132,36,-51.0,56.0,247.4078131097833,35.90785446437205,229.2787496815373,4.960670243082238,,001,2,practice,90,high,0.6,3,
0.31670737522654235,37,-51.0,56.0,247.50926635650626,35.201748076821964,229.05169805373347,1.6475353120542247,,001,2,practice,90,high,0.6,3,
0.31958550005219877,38,-61.0,58.0,247.6258113827335,34.37233679927651,229.44589987366524,-2.2029726327681862,,001,2,practice,90,high,0.6,3,
0.3333900421857834,39,-61.0,58.0,247.71532526996054,33.72117474818533,229.76126132961068,-5.283378988626115,,001,2,practice,90,high,0.6,3,
0.33598566707223654,40,-71.0,58.0,247.74947491285556,33.46935434698934,229.213550494367,-8.947704073312458,,001,2,practice,90,high,0.6,3,
0.350081792101264,41,-71.0,58.0,247.7764466162487,33.26909229638318,228.7753818261721,-11.879164141061533,,001,2,practice,90,high,0.6,3,
0.3527383340988308,42,-83.0,58.0,246.6047031523437,33.27090419321367,227.46484689161616,-15.664332195260792,,001,2,practice,90,high,0.6,3,
0.36672412510961294,43,-83.0,58.0,245.66730838121967,33.27235371067806,226.4164189439714,-18.6924666386202,,001,2,practice,90,high,0.6,3,
0.3690695841796696,44,-98.0,56.0,241.89084337423614,33.27351332464958,224.60705690982186,-22.914974193307724,,001,2,practice,90,high,0.6,3,
0.38339283410459757,45,-98.0,56.0,238.86967136864934,33.27444101582679,223.15956728250225,-26.292980237057744,,001,2,practice,90,high,0.6,3,
0.3858202090486884,46,-129.0,52.0,236.45273376417987,33.27518316876856,222.48157558064656,-32.71538507205776,,001,2,practice,90,high,0.6,3,
0.4000962090212852,47,-129.0,52.0,234.5191836806043,33.27577689112197,221.939182219162,-37.85330894005777,,001,2,practice,90,high,0.6,3,
0.4029805841855705,48,-160.0,49.0,232.97234361374385,33.2762518690047,221.86526752997435,-45.68364803445778,,001,2,practice,90,high,0.6,3,
0.4167828341014683,49,-160.0,49.0,231.7348715602555,33.27663185131089,221.80613577862422,-51.94791930997779,,001,2,practice,90,high,0.6,3,
0.4198925842065364,50,-189.0,44.0,230.74489391746482,33.27693583715584,222.35883037754414,-60.4393363303938,,001,2,practice,90,high,0.6,3,
0.4335052091628313,51,-189.0,44.0,229.95291180323227,33.2771790258318,222.80098605668007,-67.23246994672661,,001,2,practice,90,high,0.6,3,
0.43611487513408065,52,-212.0,38.0,229.31932611184624,33.27737357677257,223.87471059998882,-75.42697683979286,,001,2,practice,90,high,0.6,3,
0.45018266700208187,53,-212.0,38.0,228.8124575587374,33.277529217525185,224.73369023463582,-81.98258235424585,,001,2,practice,90,high,0.6,3,
0.45281829219311476,54,-233.0,33.0,228.40696271625035,33.27765373012728,226.0208739423534,-89.74706676580824,,001,2,practice,90,high,0.6,3,
0.46676570922136307,55,-233.0,33.0,228.0825668422607,33.277753340208946,227.0506209085275,-95.95865429505815,,001,2,practice,90,high,0.6,3,
0.46950987516902387,56,-255.0,25.0,227.82305014306897,33.27783302827429,227.75918904083738,-103.08128737777821,,001,2,practice,90,high,0.6,3,
0.4833672922104597,57,-255.0,25.0,227.61543678371558,33.27789677872656,225.70274082881005,-107.50940787839458,,001,2,practice,90,high,0.6,3,
0.48574345908127725,58,-278.0,14.0,222.3698458587007,32.83221541890974,222.7128411679148,-113.57372222004152,,001,2,practice,90,high,0.6,3,
0.5003600001800805,59,-278.0,14.0,218.17337311868877,32.475670331056286,220.23601646912832,-118.30510153754923,,001,2,practice,90,high,0.6,3,
0.503199125174433,60,-294.0,3.0,210.93406590995113,32.28569336783218,217.3530505093132,-123.52186621928908,,001,2,practice,90,high,0.6,3,
0.51993791712448,61,-294.0,3.0,205.14262014296102,32.13371179725289,214.98462708892131,-127.59941267669473,,001,2,practice,90,high,0.6,3,
0.533467834116891,62,-310.0,-9.0,196.60916321387387,31.124625865325424,212.01293815487293,-132.47835315604598,,001,2,practice,90,high,0.6,3,
0.5362173342145979,63,-330.0,-28.0,195.18922848777612,29.219094621798796,209.60558878693678,-136.25526466629304,,001,2,practice,90,high,0.6,3,
0.550099375192076,64,-330.0,-28.0,194.0532807068979,27.694669626977493,207.6820026343189,-139.16962952382528,,001,2,practice,90,high,0.6,3,
0.5529227501247078,65,-337.0,-38.0,191.1914736146535,27.939916346309204,206.16164333843292,-141.41208157720044,,001,2,practice,90,high,0.6,3,
0.5668729171156883,66,-337.0,-38.0,188.90202794085795,28.136113721774574,204.95041955883343,-143.16188571913318,,001,2,practice,90,high,0.6,3,
0.5696480001788586,67,-341.0,-49.0,189.34531465952645,28.84541947710274,204.5926060457601,-143.67277247761464,,001,2,practice,90,high,0.6,3,
0.5840867920778692,68,-341.0,-49.0,189.69994403446125,29.412864081365274,204.31056946096567,-144.07356178888588,,001,2,practice,90,high,0.6,3,
0.586700834101066,69,-342.0,-61.0,188.38702877133224,28.063819896391795,203.96065610688512,-144.56849850658662,,001,2,practice,90,high,0.6,3,
0.6009388340171427,70,-342.0,-61.0,187.33669656082904,26.98458454841301,203.68409434311295,-144.95788944250629,,001,2,practice,90,high,0.6,3,
0.6035546250641346,71,-338.0,-81.0,182.42213098870056,25.92099359932101,203.907119817397,-144.64399914194055,,001,2,practice,90,high,0.6,3,
0.6168724170420319,72,-338.0,-81.0,178.4904785309978,25.070120840047412,204.08324731349404,-144.39538831271318,,001,2,practice,90,high,0.6,3,
0.6196889171842486,73,-322.0,-105.0,173.1783048615908,19.042951488392813,204.77907828901294,-143.40686557868247,,001,2,practice,90,high,0.6,3,
0.6342660840600729,74,-322.0,-105.0,168.92856592606518,14.221216007069135,205.32534341125935,-142.6236423355133,,001,2,practice,90,high,0.6,3,
0.6370318341068923,75,-292.0,-134.0,158.86524294788003,15.387505911243407,208.5974666458087,-137.79367514131673,,001,2,practice,90,high,0.6,3,
0.6501689590513706,76,-292.0,-134.0,150.81458456533193,16.320537834582826,211.13167335756185,-133.87836458978651,,001,2,practice,90,high,0.6,3,
0.6527578341774642,77,-259.0,-156.0,136.45830194753884,16.556269389030597,212.7480411086038,-127.06350835657817,,001,2,practice,90,high,0.6,3,
0.6673636671621352,78,-259.0,-156.0,124.97327585330439,16.74485463258881,214.04113530943735,-121.61162337001149,,001,2,practice,90,high,0.6,3,
0.6700802091509104,79,-218.0,-177.0,124.87558517551567,18.39435450287211,221.23174274914373,-111.73066271058346,,001,2,practice,90,high,0.6,3,
0.6832664171233773,80,-218.0,-177.0,124.7974326332847,19.713954399098746,226.98422870090883,-103.82589418304103,,001,2,practice,90,high,0.6,3,
0.6856468340847641,81,-194.0,-182.0,129.5638716573621,21.61883105515206,231.9015505229128,-93.38988631039713,,001,2,practice,90,high,0.6,3,
0.6999323752243072,82,-194.0,-182.0,133.37702287662404,23.142732379994712,235.15362919532254,-84.86913853850974,,001,2,practice,90,high,0.6,3,
0.7026697092223912,83,-168.0,-185.0,138.73261686133975,29.061495811557148,239.05399059795675,-73.16549445737395,,001,2,practice,90,high,0.6,3,
0.7167251252103597,84,-168.0,-185.0,143.01709204911234,33.796506556807095,241.7345874527106,-63.752562529421525,,001,2,practice,90,high,0.6,3,
0.7192580001428723,85,-135.0,-185.0,140.69177494484487,34.349677725974146,243.17583881769332,-53.97757410824782,,001,2,practice,90,high,0.6,3,
0.7333010421134531,86,-135.0,-185.0,138.8315212614309,34.79221466130778,244.3288399096795,-46.15758337130886,,001,2,practice,90,high,0.6,3,
0.7358680421020836,87,-96.0,-183.0,143.35659962450862,40.13026346004945,247.41655330719198,-33.227983081567785,,001,2,practice,90,high,0.6,3,
0.7499628341756761,88,-96.0,-183.0,146.9766623149708,44.40070249904278,248.95821583053552,-22.79927127073393,,001,2,practice,90,high,0.6,3,
0.7526710422243923,89,-62.0,-180.0,143.92937488843782,51.1751392597025,248.19701737338244,-9.101092873513622,,001,2,practice,90,high,0.6,3,
0.7671963751781732,90,-62.0,-180.0,141.49154494721142,56.594688668230276,247.58805860765995,1.857449844262625,,001,2,practice,90,high,0.6,3,
0.7697302501183003,91,-36.0,-173.0,134.15611618709582,60.930328195052496,244.10682567222815,13.744284018483622,,001,2,practice,90,high,0.6,3,
0.7834507091902196,92,-36.0,-173.0,128.28777317900332,64.39883981651028,241.32183932388273,23.25375135786042,,001,2,practice,90,high,0.6,3,
0.7858007920440286,93,-15.0,-164.0,128.14066151341783,66.72680113317003,239.8328753415618,33.20258603715927,,001,2,practice,90,high,0.6,3,
0.8006298341788352,94,-15.0,-164.0,128.02297218094944,68.58917018649782,238.64170415570504,41.16165378059835,,001,2,practice,90,high,0.6,3,
0.803509792080149,95,6.0,-151.0,132.76903074651858,71.06515206355992,238.06485121963718,50.44334262910956,,001,2,practice,90,high,0.6,3,
0.8170584591571242,96,6.0,-151.0,136.5658775989739,73.0459375652096,237.6033688707829,57.868693707918524,,001,2,practice,90,high,0.6,3,
0.8203636251855642,97,16.0,-143.0,142.13056616644403,75.04674396846634,237.28506742590181,65.1754457717405,,001,2,practice,90,high,0.6,3,
0.8333667090628296,98,16.0,-143.0,146.58231702042013,76.64738909107174,237.03042626999695,71.02084742279808,,001,2,practice,90,high,0.6,3,
0.8357320001814514,99,24.0,-134.0,150.143717703601,75.5195862733976,235.74671334527306,75.69384117734077,,001,2,practice,90,high,0.6,3,
0.850053875008598,100,24.0,-134.0,152.9928382501457,74.6173440192583,234.71974300549394,79.43223618097491,,001,2,practice,90,high,0.6,3,
0.852504292037338,101,28.0,-125.0,155.27213468738145,73.89555021594684,232.81816673367064,82.90295218388222,,001,2,practice,90,high,0.6,3,
0.8673314170446247,102,28.0,-125.0,157.09557183717007,73.31811517329768,231.296905716212,85.67952498620808,,001,2,practice,90,high,0.6,3,
0.8699792090337723,103,31.0,-115.0,158.55432155700095,72.85616713917835,228.8798969022451,88.26078322806876,,001,2,practice,90,high,0.6,3,
0.8834032090380788,104,31.0,-115.0,159.72132133286567,72.4866087118829,226.94628985107158,90.32578982155731,,001,2,practice,90,high,0.6,3,
0.8859223341569304,105,30.0,-104.0,160.65492115355744,72.19096197004653,224.07940421013276,91.85779509634814,,001,2,practice,90,high,0.6,3,
0.9008741250727326,106,30.0,-104.0,161.40180101011086,71.95444457657743,221.7858956973817,93.08339931618082,,001,2,practice,90,high,0.6,3,
0.9040670841932297,107,25.0,-93.0,161.9993048953536,71.76523066180215,218.63108888718085,93.46388269204695,,001,2,practice,90,high,0.6,3,
0.9168457500636578,108,25.0,-93.0,162.47730800354776,71.61385952998192,216.10724343902018,93.76826939273985,,001,2,practice,90,high,0.6,3,
0.9193891251925379,109,8.0,-78.0,162.8597104901031,76.0270762440276,212.28816708049163,93.78550420109492,,001,2,practice,90,high,0.6,3,
0.9342576670460403,110,8.0,-78.0,163.16563247934738,79.55764961526414,209.2329059936688,93.79929204777898,,001,2,practice,90,high,0.6,3,
0.9368764171376824,111,-41.0,-53.0,163.4103700707428,71.38029028067332,203.78869712421053,83.5295951124942,,001,2,practice,90,high,0.6,3,
0.9501020000316203,112,-41.0,-53.0,163.60616014385914,64.83840281300067,199.43333002864392,75.31383756426638,,001,2,practice,90,high,0.6,3,
0.952664292184636,113,-101.0,-31.0,163.76279220235222,72.38612908579891,193.30903635219065,66.65372602445866,,001,2,practice,90,high,0.6,3,
0.9674751670099795,114,-101.0,-31.0,163.88809784914667,78.4243101040375,188.409601411028,59.72563679261249,,001,2,practice,90,high,0.6,3,
0.969967250013724,115,-168.0,-13.0,163.98834236658223,69.37969726186643,182.3300534580979,40.593102344430775,,001,2,practice,90,high,0.6,3,
0.9834855000954121,116,-168.0,-13.0,164.0685379805307,62.14400698812956,177.4664150957538,25.2870747858854,,001,2,practice,90,high,0.6,3,
0.9859881671145558,117,-231.0,-3.0,164.13269447168946,56.35545476914007,172.37550440587853,5.482252739049105,,001,2,practice,90,high,0.6,3,
1.000905959168449,118,-231.0,-3.0,164.18401966461647,51.72461299394847,168.30277585397832,-10.361604898419932,,001,2,practice,90,high,0.6,3,
1.0033981672022492,119,-303.0,3.0,164.22507981895808,48.01993957379519,164.32459301245814,-31.67669100839516,,001,2,practice,90,high,0.6,3,
1.0167356252204627,120,-303.0,3.0,164.25792794243137,45.05620083767257,161.142046739242,-48.72875989637534,,001,2,practice,90,high,0.6,3,
1.0193545001093298,121,-379.0,4.0,164.28420644121,42.68520984877447,158.47600972066908,-71.49041500675948,,001,2,practice,90,high,0.6,3,
1.0342124591115862,122,-379.0,4.0,164.3052292402329,40.78841705765599,156.34318010581075,-89.69973909506679,,001,2,practice,90,high,0.6,3,
1.036906709196046,123,-450.0,4.0,164.32204747945121,39.270982824761205,154.63691641392407,-112.78719836571264,,001,2,practice,90,high,0.6,3,
1.0501075421925634,124,-450.0,4.0,164.33550207082587,38.05703543844538,153.27190546041473,-131.25716578222932,,001,2,practice,90,high,0.6,3,
1.0524660421069711,125,-508.0,2.0,164.34626574392558,37.08587752939272,152.41989669760727,-152.99313971544265,,001,2,practice,90,high,0.6,3,
1.0667291251011193,126,-508.0,2.0,164.35487668240538,36.30895120215059,151.7382896873613,-170.38191886201332,,001,2,practice,90,high,0.6,3,
1.0695502501912415,127,-574.0,-2.0,164.3617654331892,35.68741014035689,151.6730040791645,-192.21294217926987,,001,2,practice,90,high,0.6,3,
1.0843334591481835,128,-574.0,-2.0,164.36727643381624,35.19017729092192,146.49124882211336,-202.584091227662,,001,2,practice,90,high,0.6,3,
1.0882787501905113,129,-610.0,-7.0,164.37168523431788,34.79239101137395,138.54380912819312,-208.1000070933463,,001,2,practice,90,high,0.6,3,
1.0999630000442266,130,-610.0,-7.0,164.3752122747192,34.47416198773558,132.350393633927,-212.0928412392662,,001,2,practice,90,high,0.6,3,
1.102620834019035,131,-629.0,-12.0,164.37803390704025,34.219578768824874,126.98115944245014,-215.35037763294272,,001,2,practice,90,high,0.6,3,
1.1172874590847641,132,-629.0,-12.0,164.38029121289708,34.015912193696316,122.79768528048314,-217.76300992077472,,001,2,practice,90,high,0.6,3,
1.11974854208529,133,-651.0,-19.0,164.38209705758254,33.85297893359347,119.0830982825307,-219.81632265014605,,001,2,practice,90,high,0.6,3,
1.1333786251489073,134,-651.0,-19.0,164.38354173333093,33.72263232551119,116.18817161728282,-221.3601336651043,,001,2,practice,90,high,0.6,3,
1.1362202921882272,135,-671.0,-26.0,168.57941358585353,34.22197473750296,114.99633051988005,-221.98162979616694,,001,2,practice,90,high,0.6,3,
1.1510988341178745,136,-671.0,-26.0,171.93611106787162,34.62144866709638,114.0704010493407,-222.45885822875786,,001,2,practice,90,high,0.6,3,
1.1537082090508193,137,-692.0,-35.0,179.16257111581004,35.44935060148313,114.6581247818218,-222.15650884346414,,001,2,practice,90,high,0.6,3,
1.166743750218302,138,-692.0,-35.0,184.94373915416077,36.11167214899253,115.11338989032565,-221.92094869110005,,001,2,practice,90,high,0.6,3,
1.1692601670511067,139,-711.0,-44.0,193.46313923618735,35.056241624325345,116.31451103640605,-221.2937742512468,,001,2,practice,90,high,0.6,3,
1.1842449591495097,140,-711.0,-44.0,200.2786593018086,34.211897204591594,117.24293427045413,-220.8032933713942,,001,2,practice,90,high,0.6,3,
1.1873306250199676,141,-731.0,-55.0,201.19470606259372,33.02519407837793,116.54357549184118,-221.17322399327074,,001,2,practice,90,high,0.6,3,
1.2001477919984609,142,-731.0,-55.0,201.92754347122184,32.075831577407,115.99817416126531,-221.459756143758,,001,2,practice,90,high,0.6,3,
1.2027995421085507,143,-753.0,-70.0,207.83922418040206,31.316341576630258,117.49983832003541,-220.66668981693985,,001,2,practice,90,high,0.6,3,
1.217560000019148,144,-753.0,-70.0,212.56856874774624,30.708749576008863,118.66145171652863,-220.04422254748235,,001,2,practice,90,high,0.6,3,
1.2201908340211958,145,-766.0,-80.0,213.07180050825025,30.22267597551175,118.84529884574928,-219.94498162555232,,001,2,practice,90,high,0.6,3,
1.2335264591965824,146,-766.0,-80.0,213.47438591665346,29.833817095114057,118.98887250307571,-219.8673423236084,,001,2,practice,90,high,0.6,3,
1.2362439590506256,147,-772.0,-87.0,211.95254535191745,29.522729990795902,118.88384736593355,-219.92414791348727,,001,2,practice,90,high,0.6,3,
1.2511011250317097,148,-772.0,-87.0,210.73507290012864,29.27386030734138,118.80125643248631,-219.9687738522507,,001,2,practice,90,high,0.6,3,
1.2535789171233773,149,-773.0,-93.0,210.97764744475722,29.074764560577762,119.6048731517816,-219.53285475833962,,001,2,practice,90,high,0.6,3,
1.2669695420190692,150,-773.0,-93.0,211.1717070804601,28.915487963166868,120.23812802521519,-219.18666147599393,,001,2,practice,90,high,0.6,3,
1.2696163340006024,151,-771.0,-100.0,212.7829767668785,28.788066685238153,121.91412725298466,-218.25889575488802,,001,2,practice,90,high,0.6,3,
1.2833537091501057,152,-771.0,-100.0,214.07199251601324,28.68612966289518,123.23635078749243,-217.515061190213,,001,2,practice,90,high,0.6,3,
1.2857463341206312,153,-762.0,-109.0,212.55762070304945,28.6045800450208,124.7920357504749,-216.62628606254637,,001,2,practice,90,high,0.6,3,
1.3000825000926852,154,-762.0,-109.0,211.3461232526784,28.539340350721297,126.02744534574344,-215.90989560375792,,001,2,practice,90,high,0.6,3,
1.3027612920850515,155,-741.0,-123.0,205.32915350673198,28.487148595281695,127.04644472521325,-213.4502900980533,,001,2,practice,90,high,0.6,3,
1.3169580001849681,156,-741.0,-123.0,200.51557770997485,28.445395190930014,127.86164422878909,-211.48260569348963,,001,2,practice,90,high,0.6,3,
1.3203021250665188,157,-708.0,-135.0,203.68753701900093,28.41199246744867,132.76293181022248,-205.9484581698387,,001,2,practice,90,high,0.6,3,
1.3334050001576543,158,-708.0,-135.0,206.22510446622178,28.385270288663595,136.6839618753692,-201.52114015091794,,001,2,practice,90,high,0.6,3,
1.3359664590097964,159,-663.0,-142.0,199.1469203946099,28.363892545635533,137.01749071573113,-192.57928573578135,,001,2,practice,90,high,0.6,3,
1.3502948340028524,160,-663.0,-142.0,193.4843731373204,28.346790351213084,137.28431378802068,-185.42580220367208,,001,2,practice,90,high,0.6,3,
1.3532405002042651,161,-611.0,-147.0,199.402301640776,28.333108595675125,142.2769587695672,-173.46301537798465,,001,2,practice,90,high,0.6,3,
1.3666521671693772,162,-611.0,-147.0,204.13664444354046,28.32216319124476,146.2710747548044,-163.8927859174347,,001,2,practice,90,high,0.6,3,
1.3690190420020372,163,-558.0,-149.0,218.53166317069292,28.313406867700465,153.94938533697052,-149.87660234899477,,001,2,practice,90,high,0.6,3,
1.3833427091594785,164,-558.0,-149.0,230.0476781524149,28.30640180886503,160.09203380270344,-138.6636554942428,,001,2,practice,90,high,0.6,3,
1.3860501670278609,165,-505.0,-149.0,228.6604901377925,28.30079776179668,160.76615257528977,-123.33329801044123,,001,2,practice,90,high,0.6,3,
1.400126709137112,166,-505.0,-149.0,227.55073972609455,28.296314524142,161.30544759335882,-111.06901202339998,,001,2,practice,90,high,0.6,3,
1.402663917047903,167,-494.0,-149.0,224.4629393967362,28.29272793401826,160.85688360781407,-99.93758323376697,,001,2,practice,90,high,0.6,3,
1.416692459024489,168,-494.0,-149.0,221.99269913324952,28.289858661919265,160.49803241937826,-91.03244020206057,,001,2,practice,90,high,0.6,3,
1.419286334188655,169,-408.0,-142.0,202.7596242375718,28.28756324424007,152.4681983946743,-73.58832577669546,,001,2,practice,90,high,0.6,3,
1.4338631671853364,170,-408.0,-142.0,187.37316432102963,28.285726910096713,146.0443311749111,-59.63303423640336,,001,2,practice,90,high,0.6,3,
1.4368587501812726,171,-368.0,-133.0,166.8639963877959,28.28425784278203,136.54523739910053,-43.66880100416968,,001,2,practice,90,high,0.6,3,
1.4501142920926213,172,-368.0,-133.0,150.45666204120892,28.28308258893028,128.9459623784521,-30.897414418382738,,001,2,practice,90,high,0.6,3,
1.4526758750434965,173,-302.0,-106.0,137.33079456393932,28.282142385848882,119.62654236193335,-12.760305149753187,,001,2,practice,90,high,0.6,3,
1.4675138341262937,174,-302.0,-106.0,126.83010058212365,28.281390223383763,112.17100634871835,1.7493822651504551,,001,2,practice,90,high,0.6,3,
1.4713599591050297,175,-250.0,-86.0,118.4295453966711,28.280788493411666,103.80657753814634,19.597132197073368,,001,2,practice,90,high,0.6,3,
1.4833753341808915,176,-250.0,-86.0,111.70910124830907,28.28030710943399,97.11503448968874,33.8753321426117,,001,2,practice,90,high,0.6,3,
1.4865535420831293,177,-211.0,-69.0,106.33274592961945,28.27992200225185,89.72180005092265,49.977892099042364,,001,2,practice,90,high,0.6,3,
1.50046041700989,178,-211.0,-69.0,102.03166167466775,28.27961391650614,83.80721249990978,62.859940064186894,,001,2,practice,90,high,0.6,3,
1.5033679171465337,179,-192.0,-61.0,98.59079427070638,28.27936744790957,78.11554245909949,75.44557843630253,,001,2,practice,90,high,0.6,3,
1.5168128341902047,180,-192.0,-61.0,95.83810034753729,28.279170273032314,73.56220642645125,85.51408913399503,,001,2,practice,90,high,0.6,3,
1.5194382921326905,181,-168.0,-52.0,93.63594520900202,28.27901253313051,68.83953760033266,96.44889769214903,,001,2,practice,90,high,0.6,3,
1.5335190421901643,182,-168.0,-52.0,91.8742210981738,28.278886341209066,65.0614025394378,105.19674453867223,,001,2,practice,90,high,0.6,3,
1.536434959154576,183,-139.0,-42.0,90.46484180951123,28.27878538767191,60.8388944907219,115.67502201589079,,001,2,practice,90,high,0.6,3,
1.550137709127739,184,-139.0,-42.0,89.33733837858117,28.278704624842185,57.46088805174918,124.05764399766564,,001,2,practice,90,high,0.6,3,
1.552855959162116,185,-112.0,-34.0,88.43533563383711,28.278640014578404,53.79848290057101,134.0037415830855,,001,2,practice,90,high,0.6,3,
1.566791292047128,186,-112.0,-34.0,87.71373343804187,28.27858832636738,50.86855877962847,141.9606196514214,,001,2,practice,90,high,0.6,3,
1.5694133341312408,187,-88.0,-28.0,87.13645168140567,28.278546975798562,47.80461948287444,151.20612210609013,,001,2,practice,90,high,0.6,3,
1.5846177090425044,188,-88.0,-28.0,86.67462627609672,28.278513895343508,45.35346804547122,158.6025240698251,,001,2,practice,90,high,0.6,3,
1.5885561250615865,189,-69.0,-23.0,86.30516595184956,28.278487430979464,42.79254689554864,166.79964564081308,,001,2,practice,90,high,0.6,3,
1.600211625220254,190,-69.0,-23.0,86.00959769245183,28.27846625948823,40.743809975610574,173.35734289760347,,001,2,practice,90,high,0.6,3,
1.6035490001086146,191,-59.0,-21.0,85.77314308493365,28.27844932229524,38.86482043966012,179.80350070303578,,001,2,practice,90,high,0.6,3,
1.6167289591394365,192,-59.0,-21.0,85.5839793989191,28.27843577254085,37.36162881089976,184.96042694738162,,001,2,practice,90,high,0.6,3,
1.6187215000391006,193,-59.0,-21.0,85.43264845010746,28.278424932737337,36.15907550789147,189.0859679428583,,001,2,practice,90,high,0.6,3,
1.6344742090441287,194,-59.0,-21.0,85.31158369105816,28.278416260894527,35.19703286548484,192.38640073923963,,001,2,practice,90,high,0.6,3,
1.6373572091106325,195,-60.0,-21.0,85.21473188381871,28.27840932342028,34.42739875155954,194.90674697634472,,001,2,practice,90,high,0.6,3,
1.6506799592170864,196,-60.0,-21.0,85.13725043802715,28.278403773440882,33.81169146041929,196.92302396602878,,001,2,practice,90,high,0.6,3,
1.6533025840763003,197,-67.0,-19.0,83.6192433035378,28.27839933345736,32.496716836364655,197.69604555777602,,001,2,practice,90,high,0.6,3,
1.6667532501742244,198,-67.0,-19.0,82.40483759594632,28.278395781470547,31.444737137120946,198.3144628311738,,001,2,practice,90,high,0.6,3,
1.6694093341939151,199,-76.0,-16.0,79.53594643377211,28.278392939881094,29.48420673928557,197.72919664989206,,001,2,practice,90,high,0.6,3,
1.6832996250595897,200,-76.0,-16.0,77.24083350403274,28.278390666609532,27.915782421017266,197.26098370486665,,001,2,practice,90,high,0.6,3,
1.6860601250082254,201,-101.0,-12.0,70.34114759977237,28.278388847992282,24.15560474221508,193.88641334884633,,001,2,practice,90,high,0.6,3,
1.7002331670373678,202,-101.0,-12.0,64.82139887636409,28.278387393098484,21.14746259917333,191.18675706403008,,001,2,practice,90,high,0.6,3,
1.7030036670621485,203,-145.0,-8.0,69.18431705841594,27.271348488553354,21.772435749051322,183.34421693992502,,001,2,practice,90,high,0.6,3,
1.716759709175676,204,-145.0,-8.0,72.67465160405743,26.46571736491725,22.272414268953717,177.070184840641,,001,2,practice,90,high,0.6,3,
1.719754959223792,205,-199.0,-5.0,78.63611096502783,15.479248251526096,23.580073774658516,161.43417347542086,,001,2,practice,90,high,0.6,3,
1.7333097090013325,206,-199.0,-5.0,83.40527845380414,6.690072960813172,24.626201379222355,148.92536438324476,,001,2,practice,90,high,0.6,3,
1.7359449171926826,207,-275.0,-3.0,102.3243833753703,1.412615186567872,31.264611835091472,130.49987009283387,,001,2,practice,90,high,0.6,3,
1.7499775842297822,208,-275.0,-3.0,117.45966731262324,-2.809351032828368,36.575340199786766,115.75947466050518,,001,2,practice,90,high,0.6,3,
1.7524880000855774,209,-388.0,-3.0,124.65876895720424,15.873458734798177,38.86027268945446,99.23131141189964,,001,2,practice,90,high,0.6,3,
1.7665557921864092,210,-388.0,-3.0,130.41805027286907,30.81970654889941,40.68821868118862,86.0087808130152,,001,2,practice,90,high,0.6,3,
1.7700488751288503,211,-522.0,-3.0,108.22547532540092,42.7767048001804,31.430575474575953,59.35075633390767,,001,2,practice,90,high,0.6,3,
1.783552834065631,212,-522.0,-3.0,90.4714153674264,52.342303401205186,24.024460909285818,38.024336750621636,,001,2,practice,90,high,0.6,3,
1.786783334100619,213,-577.0,-4.0,65.26634936946674,59.99478228202502,13.818842044421688,14.363201083992813,,001,2,practice,90,high,0.6,3,
1.8006294171791524,214,-577.0,-4.0,45.102296571099004,66.1167653866809,5.654346952530384,-4.565707449310246,,001,2,practice,90,high,0.6,3,
1.8034122090321034,215,-643.0,-8.0,41.95370576592961,68.49825136454407,4.795811452427258,-28.635274478297294,,001,2,practice,90,high,0.6,3,
1.8166513750329614,216,-643.0,-8.0,39.4348331217941,70.40344014683463,4.108983052344757,-47.890928101486935,,001,2,practice,90,high,0.6,3,
1.8194033750332892,217,-692.0,-13.0,28.40022762666918,75.8884606006381,0.5517173803521538,-67.59110322885024,,001,2,practice,90,high,0.6,3,
1.833847250090912,218,-692.0,-13.0,19.572543230569245,80.27647696368086,-2.2940951572419293,-83.35124333074089,,001,2,practice,90,high,0.6,3,
1.8364652500022203,219,-729.0,-19.0,5.014076318490444,83.85897004555162,-6.849272945396737,-100.37052341567878,,001,2,practice,90,high,0.6,3,
1.8508394171949476,220,-729.0,-19.0,-6.632697211172598,86.72496451104823,-10.493415175920584,-113.98594748362909,,001,2,practice,90,high,0.6,3,
1.8538812091574073,221,-750.0,-22.0,-19.88966271426588,87.44296741102126,-14.624547632084802,-128.02820380695906,,001,2,practice,90,high,0.6,3,
1.8666974590159953,222,-750.0,-22.0,-30.49523511674051,88.01736973099968,-17.929453597016177,-139.26200886562302,,001,2,practice,90,high,0.6,3,
1.8692285420838743,223,-765.0,-25.0,-42.03822119278377,88.40336927199874,-21.436789630586702,-150.07846183854767,,001,2,practice,90,high,0.6,3,
1.8833487920928746,224,-765.0,-25.0,-51.27261005361838,88.71216890479799,-24.24265845744312,-158.73162421688738,,001,2,practice,90,high,0.6,3,
1.8857139591127634,225,-775.0,-27.0,-56.625475360276326,89.10139349683736,-25.433495206124356,-166.79728016523916,,001,2,practice,90,high,0.6,3,
1.9002500839997083,226,-775.0,-27.0,-60.90776760560268,89.41277317046885,-26.386164605069347,-173.24980492392058,,001,2,practice,90,high,0.6,3,
1.902859709225595,227,-785.0,-30.0,-62.25241507127533,89.49257405242284,-25.955825591989964,-179.67954587364622,,001,2,practice,90,high,0.6,3,
1.9167548341210932,228,-785.0,-30.0,-63.32813304381345,89.55641475798602,-25.611554381526457,-184.82333863342672,,001,2,practice,90,high,0.6,3,
1.9197856250684708,229,-790.0,-31.0,-63.48709454251291,90.34758148371391,-24.935492261423235,-189.24233517674017,,001,2,practice,90,high,0.6,3,
1.93329062522389,230,-790.0,-31.0,-63.61426374147247,90.98051486429623,-24.39464256534066,-192.77753241139095,,001,2,practice,90,high,0.6,3,
1.9360984170343727,231,-798.0,-33.0,-62.06675953517813,91.48388571346713,-23.062266982289803,-196.56688054122955,,001,2,practice,90,high,0.6,3,
1.9499595840461552,232,-798.0,-33.0,-60.828756170142654,91.88658239280385,-21.996366515849115,-199.59835904510044,,001,2,practice,90,high,0.6,3,
1.9526924171950668,233,-806.0,-36.0,-59.83835347811428,93.91754048533673,-20.783646142696565,-202.30002154857175,,001,2,practice,90,high,0.6,3,
1.9674487090669572,234,-806.0,-36.0,-59.04603132449158,95.54230695936303,-19.813469844174527,-204.4613515513488,,001,2,practice,90,high,0.6,3,
1.9700819591525942,235,-812.0,-38.0,-58.412173601593416,95.57720907451673,-18.797328805356894,-207.41637997919736,,001,2,practice,90,high,0.6,3,
1.9835137091577053,236,-812.0,-38.0,-57.905087423274885,95.60513076663969,-17.984415974302788,-209.7804027214762,,001,2,practice,90,high,0.6,3,
1.9863092091400176,237,-816.0,-38.0,-57.499418480620065,95.62746812033805,-17.334085709459504,-212.1516209152993,,001,2,practice,90,high,0.6,3,
2.0007847091183066,238,-816.0,-38.0,-57.17488332649621,95.64533800329674,-16.813821497584875,-214.04859547035778,,001,2,practice,90,high,0.6,3,
2.003315209178254,239,-816.0,-39.0,-56.91525520319712,95.6596339096637,-16.277610128085172,-215.56617511440456,,001,2,practice,90,high,0.6,3,
2.0167762089986354,240,-816.0,-39.0,-56.70755270455785,95.67107063475726,-15.84864103248541,-216.78023882964197,,001,2,practice,90,high,0.6,3,
2.0193714590277523,241,-816.0,-39.0,-56.541390705646435,95.6802200148321,-15.505465756005602,-217.75148980183192,,001,2,practice,90,high,0.6,3,
2.0344186672009528,242,-816.0,-39.0,-56.4084611065173,95.68753951889198,-15.230925534821754,-218.52849057958386,,001,2,practice,90,high,0.6,3,
2.0521888341754675,243,-814.0,-40.0,-56.30211742721399,95.69339512213989,-14.891293357874677,-218.9100912017854,,001,2,practice,90,high,0.6,3,
2.0675788752269,244,-811.0,-41.0,-56.21704248377135,96.33053513677189,-14.499587616317015,-218.6023894867332,,001,2,practice,90,high,0.6,3,
2.070300417020917,245,-810.0,-41.0,-56.14898252901723,97.04024714847749,-14.186223023070886,-218.1562281146914,,001,2,practice,90,high,0.6,3,
2.0833735421765596,246,-810.0,-41.0,-56.09453456521394,97.60801675784197,-13.935531348473981,-217.799299017058,,001,2,practice,90,high,0.6,3,
2.0859118751250207,247,-797.0,-41.0,-56.050976194171305,100.66223244533354,-13.734978008796459,-214.91375573895127,,001,2,practice,90,high,0.6,3,
2.1001622090116143,248,-797.0,-41.0,-56.0161294973372,103.10560499532681,-13.57453533705444,-212.6053211164659,,001,2,practice,90,high,0.6,3,
2.1026919591240585,249,-774.0,-40.0,-55.988252139869914,100.4559572620329,-13.566181199660825,-209.840311727793,,001,2,practice,90,high,0.6,3,
2.116911084158346,250,-774.0,-40.0,-55.96595025389608,98.33623907539776,-13.559497889745932,-207.62830421685467,,001,2,practice,90,high,0.6,3,
2.1192838340066373,251,-738.0,-37.0,-55.94810874511702,89.41550777881427,-13.914151241814018,-204.42868090701418,,001,2,practice,90,high,0.6,3,
2.133346959017217,252,-738.0,-37.0,-55.93383553809377,82.27892274154749,-14.197873923468487,-201.86898225914177,,001,2,practice,90,high,0.6,3,
2.13578470912762,253,-695.0,-35.0,-55.92241697247517,67.9603574117217,-14.664852068792062,-198.1049422608488,,001,2,practice,90,high,0.6,3,
2.1507746251299977,254,-695.0,-35.0,-55.91328211998029,56.50550514786107,-15.038434585050922,-195.09371026221442,,001,2,practice,90,high,0.6,3,
2.1537374171894044,255,-636.0,-33.0,-55.90597423798438,35.53484562225621,-15.57730059805801,-190.32743574911345,,001,2,practice,90,high,0.6,3,
2.1674512091558427,256,-636.0,-33.0,-55.900127932387655,18.758318001772327,-16.00839340846368,-186.51441613863267,,001,2,practice,90,high,0.6,3,
2.1700302090030164,257,-578.0,-30.0,-55.89545088791028,5.337095905385217,-16.713267656788215,-176.50400045024804,,001,2,practice,90,high,0.6,3,
2.1836466670501977,258,-578.0,-30.0,-55.891709252328376,-5.399881771724472,-17.277167055447844,-168.49566789954036,,001,2,practice,90,high,0.6,3,
2.1860627091955394,259,-539.0,-32.0,-55.888715943862856,-13.989463913412223,-17.488286574375547,-157.40900185897422,,001,2,practice,90,high,0.6,3,
2.2000405001454055,260,-539.0,-32.0,-55.88632129709044,-20.861129626762423,-17.65718218951771,-148.5396690265213,,001,2,practice,90,high,0.6,3,
2.2025338751263916,261,-474.0,-26.0,-55.8844055796725,-26.358462197442584,-18.51229868163144,-133.64420276055895,,001,2,practice,90,high,0.6,3,
2.217148542171344,262,-474.0,-26.0,-55.882873005738155,-30.756328253986712,-19.196391875322423,-121.72782974778909,,001,2,practice,90,high,0.6,3,
2.2202374171465635,263,-420.0,-23.0,-55.88164694659068,-34.27462109922202,-20.103666430275208,-105.7147313375732,,001,2,practice,90,high,0.6,3,
2.2334075421094894,264,-420.0,-23.0,-55.880666099272695,-37.08925537541026,-20.829486074237437,-92.90425260940049,,001,2,practice,90,high,0.6,3,
2.2361902920529246,265,-383.0,-19.0,-55.87988142141831,-39.340962796360856,-21.89014178940722,-78.21586962686231,,001,2,practice,90,high,0.6,3,
2.250847625080496,266,-383.0,-19.0,-55.879253679134806,-41.14232873312133,-22.738666361543046,-66.46516324083177,,001,2,practice,90,high,0.6,3,
2.254799959016964,267,-369.0,-18.0,-55.878751485308,-39.77628771300607,-23.53748601925171,-54.26174462419789,,001,2,practice,90,high,0.6,3,
2.266977667110041,268,-369.0,-18.0,-55.878349730246555,-38.683454896913865,-24.17654174541864,-44.499009730890776,,001,2,practice,90,high,0.6,3,
2.269619000144303,269,-360.0,-18.0,-54.19826483279328,-37.162354348237244,-24.015880928990534,-35.350088097923944,,001,2,practice,90,high,0.6,3,
2.28333558421582,270,-360.0,-18.0,-52.85419691483065,-35.94547390929595,-23.88735227584805,-28.03095079155048,,001,2,practice,90,high,0.6,3,
2.2860100001562387,271,-354.0,-18.0,-50.591656148788594,-34.7977543774965,-23.309614780665274,-21.385954874193146,,001,2,practice,90,high,0.6,3,
2.3005503341555595,272,-354.0,-18.0,-48.78162353595495,-33.87957875205694,-22.847424784519056,-16.06995814030728,,001,2,practice,90,high,0.6,3,
2.303430625004694,273,-347.0,-17.0,-48.437333523973,-34.02921395228302,-23.03916721891607,-11.330831033429675,,001,2,practice,90,high,0.6,3,
2.316763959126547,274,-347.0,-17.0,-48.161901514387445,-34.148922112463886,-23.19256116643368,-7.539529347927592,,001,2,practice,90,high,0.6,3,
2.319591792067513,275,-337.0,-17.0,-45.98751565619192,-34.670982787085,-22.533660224236936,-3.4770056581164948,,001,2,practice,90,high,0.6,3,
2.3339522092137486,276,-337.0,-17.0,-44.2480069696355,-35.08863132678189,-22.00653947047954,-0.22698670626761652,,001,2,practice,90,high,0.6,3,
2.3373327502049506,277,-326.0,-17.0,-41.08653067100148,-36.72948750249717,-20.876895127718075,3.170333517628381,,001,2,practice,90,high,0.6,3,
2.3500544170383364,278,-326.0,-17.0,-38.55734963209427,-38.04217244306939,-19.9731796535089,5.8881896967451794,,001,2,practice,90,high,0.6,3,
2.3524418340530246,279,-315.0,-17.0,-38.7340048009685,-39.09232039552717,-20.13020727414156,9.382474640038618,,001,2,practice,90,high,0.6,3,
2.3667258750647306,280,-315.0,-17.0,-38.87532893606788,-39.93243875749339,-20.25582937064769,12.17790259467337,,001,2,practice,90,high,0.6,3,
2.3692364590242505,281,-302.0,-17.0,-41.58838824414739,-40.604533447066366,-21.39632704785259,15.97424495838117,,001,2,practice,90,high,0.6,3,
2.383624792098999,282,-302.0,-17.0,-43.758835690610994,-41.14220919872475,-22.308725189616514,19.01131884934741,,001,2,practice,90,high,0.6,3,
2.387025292031467,283,-296.0,-16.0,-44.516702373025915,-40.84947026290405,-22.767247193125264,22.450129776979367,,001,2,practice,90,high,0.6,3,
2.400133959017694,284,-296.0,-16.0,-45.12299571895785,-40.61527911424749,-23.134064795932265,25.20117851908493,,001,2,practice,90,high,0.6,3,
2.4028084171004593,285,-294.0,-16.0,-45.2080303957034,-40.42792619532224,-23.267518878177867,27.64201751276938,,001,2,practice,90,high,0.6,3,
2.416524833999574,286,-294.0,-16.0,-45.276058137099845,-40.278043860182045,-23.374282143974348,29.59468870771694,,001,2,practice,90,high,0.6,3,
2.4188818340189755,287,-293.0,-16.0,-45.530480330216996,-40.15813799206989,-23.539692756611533,31.276825663674988,,001,2,practice,90,high,0.6,3,
2.433911875123158,288,-293.0,-16.0,-45.73401808471072,-40.062213297580165,-23.672021246721282,32.62253522844143,,001,2,practice,90,high,0.6,3,
2.4367300840094686,289,-293.0,-16.0,-45.8968482883057,-39.985473541988384,-23.77788403880908,33.69910288025458,,001,2,practice,90,high,0.6,3,
2.4505675840191543,290,-293.0,-16.0,-46.02711245118168,-39.92408173751496,-23.862574272479318,34.5603570017051,,001,2,practice,90,high,0.6,3,
2.4538200001697987,291,-293.0,-16.0,-46.131323781482465,-39.87496829393622,-23.930326459415507,35.24936029886552,,001,2,practice,90,high,0.6,3,
2.4673753341194242,292,-293.0,-16.0,-46.21469284572309,-39.83567753907323,-23.98452820896446,35.80056293659385,,001,2,practice,90,high,0.6,3,
2.47080545919016,293,-291.0,-16.0,-45.88253005680469,-39.834448638256234,-23.86834639247926,36.46944356554716,,001,2,practice,90,high,0.6,3,
2.483322417130694,294,-291.0,-16.0,-45.61679982566997,-39.83346551760263,-23.7754009392911,37.00454806870981,,001,2,practice,90,high,0.6,3,
2.4859990840777755,295,-289.0,-16.0,-45.789620562523304,-39.72561340436591,-23.855206545445014,37.71545791792546,,001,2,practice,90,high,0.6,3,
2.500434667104855,296,-289.0,-16.0,-45.92787715200597,-39.63933171377653,-23.919051030368145,38.28418579729799,,001,2,practice,90,high,0.6,3,
2.503202334046364,297,-288.0,-16.0,-45.8384824235921,-39.57030636130502,-23.89012661830665,38.859168100796005,,001,2,practice,90,high,0.6,3,
2.5166457921732217,298,-288.0,-16.0,-45.766966640861,-39.515086079327816,-23.866987088657453,39.31915394359442,,001,2,practice,90,high,0.6,3,
2.5189689171966165,299,-288.0,-16.0,-45.70975401467612,-39.47090985374605,-23.848475464938097,39.68714261783315,,001,2,practice,90,high,0.6,3,
2.5340933750849217,300,-288.0,-16.0,-45.663983913728224,-39.435568873280644,-23.83366616596261,39.98153355722414,,001,2,practice,90,high,0.6,3,
2.5382046250160784,301,-289.0,-16.0,-45.42877057161993,-39.383650205877856,-23.742379822242235,40.10650466194911,,001,2,practice,90,high,0.6,3,
2.5508305840194225,302,-289.0,-16.0,-45.24059989793329,-39.34211527195563,-23.669350747265934,40.20648154572909,,001,2,practice,90,high,0.6,3,
2.5540294172242284,303,-296.0,-15.0,-43.68375004848156,-39.15961283703202,-23.168402163083925,39.506172847867404,,001,2,practice,90,high,0.6,3,
2.566754334140569,304,-296.0,-15.0,-42.43827016892018,-39.01361088909314,-22.767643295738317,38.94592588957806,,001,2,practice,90,high,0.6,3,
2.569366625044495,305,-310.0,-14.0,-38.66138936246672,-38.51101537861809,-21.45483744074009,36.97204590379615,,001,2,practice,90,high,0.6,3,
2.5834898750763386,306,-310.0,-14.0,-35.63988471730396,-38.10893897023805,-20.404592756741508,35.392941915170624,,001,2,practice,90,high,0.6,3,
2.586621084017679,307,-358.0,-14.0,-23.631288845063086,-38.1937215760468,-15.727840147098378,28.207081231265096,,001,2,practice,90,high,0.6,3,
2.600649334024638,308,-358.0,-14.0,-14.024412147270388,-38.26154766069379,-11.986438059383875,22.458392684140673,,001,2,practice,90,high,0.6,3,
2.6036641250830144,309,-405.0,-16.0,-15.747417578107486,-38.31580852841139,-12.516719104840774,12.219441846441136,,001,2,practice,90,high,0.6,3,
2.616718334145844,310,-405.0,-16.0,-17.125821922777163,-38.359217222585464,-12.940943941206294,4.028281176281505,,001,2,practice,90,high,0.6,3,
2.6192773340735584,311,-539.0,-14.0,-45.031530306914426,-38.39394417792472,-24.241517773659318,-18.604647359846197,,001,2,practice,90,high,0.6,3,
2.6343293751124293,312,-539.0,-14.0,-67.35609701422425,-38.42172574219613,-33.28197683962174,-36.710990188748355,,001,2,practice,90,high,0.6,3,
2.636889750137925,313,-710.0,-27.0,-50.91706235851653,-38.44395099361326,-25.23486888376945,-71.71606445187008,,001,2,practice,90,high,0.6,3,
2.6500968341715634,314,-710.0,-27.0,-37.765834633950355,-38.46173119474696,-18.79718251908762,-99.72012386236747,,001,2,practice,90,high,0.6,3,
2.652696959208697,315,-872.0,-30.0,-59.650407533635274,-38.47595535565392,-26.249255459077297,-141.56337139076538,,001,2,practice,90,high,0.6,3,
2.6667716251686215,316,-872.0,-30.0,-77.1580658533832,-38.48733468437949,-32.21091381106904,-175.03796941348372,,001,2,practice,90,high,0.6,3,
2.6701143751852214,317,-960.0,-33.0,-73.55396820623754,-38.496438147359946,-29.57615077148483,-212.37764783165838,,001,2,practice,90,high,0.6,3,
2.6838049590587616,318,-960.0,-33.0,-70.67069008852101,-38.50372091774431,-27.468340339817463,-242.24939056619812,,001,2,practice,90,high,0.6,3,
2.6862190840765834,319,-960.0,-35.0,-67.9640675943478,-38.5095471340518,-23.734502222466826,-248.87079660790198,,001,2,practice,90,high,0.6,3,
2.7001223750412464,320,-960.0,-35.0,-65.79876959900922,-38.514208107097794,-20.514936552508843,-249.15685296263987,,001,2,practice,90,high,0.6,3,
2.703042375156656,321,-960.0,-37.0,-63.666531202738355,-38.51793688553459,-17.708904331556695,-249.37200064838032,,001,2,practice,90,high,0.6,3,
2.717037834227085,322,-960.0,-37.0,-61.960740485721665,-38.52091990828402,-15.566334112417326,-249.51490785582453,,001,2,practice,90,high,0.6,3,
2.71962729212828,323,-960.0,-37.0,-60.596107912108316,-38.52330632648357,-13.915554118050515,-249.6124142617663,,001,2,practice,90,high,0.6,3,
2.7332360001746565,324,-960.0,-37.0,-59.50440185321764,-38.52521546104321,-12.634330861299976,-249.6805432621597,,001,2,practice,90,high,0.6,3,
2.7358756670728326,325,-960.0,-38.0,-58.83103700610509,-38.52674276869092,-11.595069444609353,-249.73096396837678,,001,2,practice,90,high,0.6,3,
2.7505202090833336,326,-960.0,-38.0,-58.29234512841506,-38.52796461480909,-10.779757183916796,-249.76748554416727,,001,2,practice,90,high,0.6,3,
2.7530022501014173,327,-960.0,-38.0,-57.86139162626303,-38.52894209170363,-10.137662058589617,-249.79437104944103,,001,2,practice,90,high,0.6,3,
2.766863042023033,328,-960.0,-38.0,-57.51662882454141,-38.529724073219256,-9.63041002552304,-249.81444154159763,,001,2,practice,90,high,0.6,3,
2.7695975420065224,329,-960.0,-38.0,-57.240818583164106,-38.53034965843176,-9.228681647319762,-249.82960480105723,,001,2,practice,90,high,0.6,3,
2.783369000069797,330,-960.0,-38.0,-57.02017039006227,-38.53085012660176,-8.90988637621156,-249.84117740028964,,001,2,practice,90,high,0.6,3,
2.785689959069714,331,-960.0,-38.0,-56.8436518355808,-38.53125050113776,-8.656496194971893,-249.85008519835736,,001,2,practice,90,high,0.6,3,
2.8000635420903563,332,-960.0,-38.0,-56.702436991995626,-38.531570800766566,-8.454832448695878,-249.8569907132167,,001,2,practice,90,high,0.6,3,
2.8026245841756463,333,-960.0,-38.0,-56.58946511712748,-38.53182704046961,-8.294169840319567,-249.86237561237576,,001,2,practice,90,high,0.6,3,
2.8171448342036456,334,-960.0,-38.0,-56.499087617232966,-38.53203203223204,-8.166066200640218,-249.86659513189585,,001,2,practice,90,high,0.6,3,
2.8201965000480413,335,-960.0,-38.0,-56.42678561731736,-38.53219602564199,-8.063855539343859,-249.8699146232707,,001,2,practice,90,high,0.6,3,
2.8336985839996487,336,-960.0,-38.0,-56.36894401738487,-38.53232722036994,-7.9822609051017865,-249.87253452679204,,001,2,practice,90,high,0.6,3,
2.8366165421903133,337,-960.0,-38.0,-56.32267073743888,-38.53243217615231,-7.917096313666375,-249.87460772547524,,001,2,practice,90,high,0.6,3,
2.8510420001111925,338,-960.0,-38.0,-56.28565211348209,-38.532516140778206,-7.865035664329829,-249.876251800764,,001,2,practice,90,high,0.6,3,
2.8535209170076996,339,-960.0,-38.0,-56.256037214316656,-38.53258331247892,-7.823432553845084,-249.87755782197698,,001,2,practice,90,high,0.6,3,
2.867296750191599,340,-960.0,-38.0,-56.232345294984306,-38.532637049839494,-7.790179103537293,-249.87859674156732,,001,2,practice,90,high,0.6,3,
2.869806917151436,341,-960.0,-38.0,-56.21339175951843,-38.53268003972795,-7.7635949155483255,-249.8794241108845,,001,2,practice,90,high,0.6,3,
2.8842483751941472,342,-960.0,-38.0,-56.19822893114573,-38.532714431638716,-7.74233944520157,-249.88008359994453,,001,2,practice,90,high,0.6,3,
2.88837733422406,343,-960.0,-38.0,-56.18609866844756,-38.53274194516733,-7.725342668978942,-249.88060965318388,,001,2,practice,90,high,0.6,3,
2.900224459124729,344,-960.0,-38.0,-56.17639445828903,-38.53276395599022,-7.711750110411335,-249.8810295125153,,001,2,practice,90,high,0.6,3,
2.903077542083338,345,-960.0,-38.0,-56.16863109016221,-38.53278156464853,-7.7008791746683425,-249.88136477123933,,001,2,practice,90,high,0.6,3,
2.916797125013545,346,-960.0,-38.0,-56.162420395660746,-38.53279565157518,-7.692184416759311,-249.88163257610307,,001,2,practice,90,high,0.6,3,
2.9195282091386616,347,-956.0,-39.0,-56.15745184005958,-38.532806921116496,-7.5666449518492325,-249.44785685907098,,001,2,practice,90,high,0.6,3,
2.933495792094618,348,-956.0,-39.0,-56.15347699557864,-38.53281593674955,-7.46621337992117,-249.1008362854453,,001,2,practice,90,high,0.6,3,
2.9364980421960354,349,-937.0,-40.0,-56.150297119993894,-38.532823149256,-7.26586812237872,-246.54321982654474,,001,2,practice,90,high,0.6,3,
2.9501152092125267,350,-937.0,-40.0,-56.147753219526095,-38.53282891926115,-7.10559191634476,-244.4971266594243,,001,2,practice,90,high,0.6,3,
2.952879959018901,351,-891.0,-43.0,-56.14571809915186,-38.532833535265276,-6.617370951517591,-237.34025212572797,,001,2,practice,90,high,0.6,3,
2.966557542094961,352,-891.0,-43.0,-56.144090002852465,-38.53283722806857,-6.226794179655856,-231.61475249877088,,001,2,practice,90,high,0.6,3,
2.969401917187497,353,-844.0,-44.0,-56.142787525812956,-38.53284018231121,-5.794332762166468,-221.39435279720522,,001,2,practice,90,high,0.6,3,
2.9833914171904325,354,-844.0,-44.0,-56.14174554418135,-38.53284254570532,-5.448363628174958,-213.2180330359527,,001,2,practice,90,high,0.6,3,
2.9861560841090977,355,-769.0,-41.0,-56.14091195887606,-38.53284443642061,-5.531588320981749,-197.67697722695067,,001,2,practice,90,high,0.6,3,
