timestamp,frame,mouse_x,mouse_y,square_x,square_y,dot_x,dot_y,cursor_x,cursor_y,participant,session,trial_num,phase,angle_bias,expect_level,prop_used,conf_level,agency_rating
0.00017087487503886223,1,-2.0,0.0,-225.0,0.0,225.0,-0.31999999999999995,-1.9135106236677395e-17,-200.0,,001,1,practice,90,high,0.8,3,
0.003937041852623224,2,-7.0,1.0,-224.6443472313461,0.9557777503943196,224.91113055373077,-1.184844449921136,-0.15625000000000006,-200.92592592592592,,001,1,practice,90,high,0.8,3,
0.01506287488155067,3,-7.0,1.0,-224.359825016423,1.7203999507097754,224.8400349967154,-1.8767200098580448,-0.15625000000000006,-200.92592592592592,,001,1,practice,90,high,0.8,3,
0.018586249789223075,4,-8.0,1.0,-224.05364932943115,2.51602338612053,224.79887013411377,-2.553435322775894,-0.15625000000000006,-201.11111111111111,,001,1,practice,90,high,0.8,3,
0.03179195779375732,5,-8.0,1.0,-223.80870877983767,3.1525221344491334,224.76593824403247,-3.094807573110173,-0.15625000000000006,-201.11111111111111,,001,1,practice,90,high,0.8,3,
0.035051291808485985,6,-8.0,1.0,-223.6127563401629,3.6617211331120165,224.73959273196743,-3.5279053733775965,-0.15625000000000006,-201.11111111111111,,001,1,practice,90,high,0.8,3,
0.04842374986037612,7,-8.0,1.0,-223.45599438842308,4.069080332042323,224.7185163223154,-3.8743836135915353,-0.15625000000000006,-201.11111111111111,,001,1,practice,90,high,0.8,3,
0.05167662492021918,8,-8.0,1.0,-223.33058482703123,4.394967691186568,224.70165519459377,-4.151566205762686,-0.15625000000000006,-201.11111111111111,,001,1,practice,90,high,0.8,3,
0.06514399987645447,9,-8.0,1.0,-223.23025717791774,4.6556775785019635,224.68816629241647,-4.373312279499607,-0.15625000000000006,-201.11111111111111,,001,1,practice,90,high,0.8,3,
0.06871791696175933,10,-8.0,1.0,-223.14999505862696,4.86424548835428,224.67737517067462,-4.550709138489143,-0.15625000000000006,-201.11111111111111,,001,1,practice,90,high,0.8,3,
0.08210216695442796,11,-8.0,1.0,-223.08578536319433,5.031099816236134,224.66874227328114,-4.692626625680773,-0.15625000000000006,-201.11111111111111,,001,1,practice,90,high,0.8,3,
0.08581924997270107,12,-8.0,1.0,-223.03441760684822,5.164583278541617,224.66183595536637,-4.806160615434076,-0.15625000000000006,-201.11111111111111,,001,1,practice,90,high,0.8,3,
0.09849395789206028,13,-8.0,1.0,-222.99332340177133,5.271370048386003,224.65631090103454,-4.8969878072367194,-0.15625000000000006,-201.11111111111111,,001,1,practice,90,high,0.8,3,
0.10231179185211658,14,-8.0,1.0,-222.96044803770982,5.3567994642615115,224.65189085756907,-4.969649560678834,-0.15625000000000006,-201.11111111111111,,001,1,practice,90,high,0.8,3,
0.11528870789334178,15,-8.0,1.0,-222.9341477464606,5.4251429969619185,224.6483548227967,-5.027778963432525,-0.15625000000000006,-201.11111111111111,,001,1,practice,90,high,0.8,3,
0.11937337485142052,16,-8.0,1.0,-222.91310751346126,5.479817823122244,224.6455259949788,-5.074282485635479,-0.15625000000000006,-201.11111111111111,,001,1,practice,90,high,0.8,3,
0.13185504195280373,17,-8.0,1.0,-222.89627532706177,5.5235576840505045,224.6432629327245,-5.111485303397841,-0.15625000000000006,-201.11111111111111,,001,1,practice,90,high,0.8,3,
0.13527570781297982,18,-8.0,1.0,-222.88280957794217,5.558549572793113,224.64145248292104,-5.1412475576077314,-0.15625000000000006,-201.11111111111111,,001,1,practice,90,high,0.8,3,
0.14846908277831972,19,-8.0,1.0,-222.8720369786465,5.586543083787199,224.64000412307828,-5.165057360975643,-0.15625000000000006,-201.11111111111111,,001,1,practice,90,high,0.8,3,
0.15196470799855888,20,-8.0,1.0,-222.86341889920996,5.608937892582468,224.63884543520408,-5.184105203669973,-0.15625000000000006,-201.11111111111111,,001,1,practice,90,high,0.8,3,
0.16532474989071488,21,-8.0,1.0,-222.85652443566073,5.626853739618684,224.6379184849047,-5.199343477825437,-0.15625000000000006,-201.11111111111111,,001,1,practice,90,high,0.8,3,
0.16897437488660216,22,-8.0,1.0,-222.85100886482135,5.641186417247656,224.6371769246652,-5.211534097149808,-0.15625000000000006,-201.11111111111111,,001,1,practice,90,high,0.8,3,
0.18182204198092222,23,-8.0,1.0,-222.84659640814985,5.652652559350834,224.6365836764736,-5.221286592609305,-0.15625000000000006,-201.11111111111111,,001,1,practice,90,high,0.8,3,
0.1855068327859044,24,-8.0,1.0,-222.84306644281264,5.661825473033376,224.63610907792034,-5.229088588976902,-0.15625000000000006,-201.11111111111111,,001,1,practice,90,high,0.8,3,
0.19863287499174476,25,-8.0,1.0,-222.84024247054288,5.66916380397941,224.63572939907772,-5.23533018607098,-0.15625000000000006,-201.11111111111111,,001,1,practice,90,high,0.8,3,
0.20275349984876812,26,-8.0,1.0,-222.83798329272707,5.6750344687362375,224.63542565600363,-5.240323463746242,-0.15625000000000006,-201.11111111111111,,001,1,practice,90,high,0.8,3,
0.21567479195073247,27,-8.0,1.0,-222.83617595047443,5.679731000541699,224.63518266154435,-5.244318085886452,-0.15625000000000006,-201.11111111111111,,001,1,practice,90,high,0.8,3,
0.2191916247829795,28,-8.0,1.0,-222.83473007667232,5.683488225986069,224.63498826597692,-5.24751378359862,-0.15625000000000006,-201.11111111111111,,001,1,practice,90,high,0.8,3,
0.23199858283624053,29,-8.0,1.0,-222.83357337763061,5.686494006341564,224.63483274952299,-5.250070341768355,-0.15625000000000006,-201.11111111111111,,001,1,practice,90,high,0.8,3,
0.23550420789979398,30,-8.0,1.0,-222.83264801839726,5.68889863062596,224.63470833635984,-5.252115588304142,-0.15625000000000006,-201.11111111111111,,001,1,practice,90,high,0.8,3,
0.2494684997946024,31,-8.0,1.0,-222.83190773101057,5.690822330053478,224.63460880582932,-5.2537517855327724,-0.15625000000000006,-201.11111111111111,,001,1,practice,90,high,0.8,3,
0.25491108279675245,32,-8.0,1.0,-222.83131550110122,5.692361289595492,224.6345291814049,-5.255060743315677,-0.15625000000000006,-201.11111111111111,,001,1,practice,90,high,0.8,3,
0.2653198328334838,33,-8.0,1.0,-222.83084171717374,5.693592457229102,224.63446548186536,-5.256107909542,-0.15625000000000006,-201.11111111111111,,001,1,practice,90,high,0.8,3,
0.2687796668615192,34,-8.0,1.0,-222.83046269003177,5.694577391335991,224.63441452223373,-5.256945642523059,-0.15625000000000006,-201.11111111111111,,001,1,practice,90,high,0.8,3,
0.28215212491340935,35,-8.0,1.0,-222.8301594683182,5.695365338621502,224.6343737545284,-5.257615828907905,-0.15625000000000006,-201.11111111111111,,001,1,practice,90,high,0.8,3,
0.28569879196584225,36,-8.0,1.0,-222.82991689094732,5.695995696449911,224.63434114036417,-5.258151978015783,-0.15625000000000006,-201.11111111111111,,001,1,practice,90,high,0.8,3,
0.29867845796979964,37,-8.0,1.0,-222.8297228290506,5.696499982712638,224.63431504903278,-5.2585808973020844,-0.15625000000000006,-201.11111111111111,,001,1,practice,90,high,0.8,3,
0.30191404186189175,38,-8.0,1.0,-222.82956757953326,5.696903411722819,224.63429417596765,-5.258924032731126,-0.15625000000000006,-201.11111111111111,,001,1,practice,90,high,0.8,3,
0.31538787484169006,39,-8.0,1.0,-222.82944337991938,5.697226154930965,224.63427747751555,-5.259198541074359,-0.15625000000000006,-201.11111111111111,,001,1,practice,90,high,0.8,3,
0.3187707499600947,40,-8.0,1.0,-222.82934402022826,5.697484349497481,224.6342641187539,-5.259418147748946,-0.15625000000000006,-201.11111111111111,,001,1,practice,90,high,0.8,3,
0.333129792008549,41,-8.0,1.0,-222.82926453247538,5.697690905150694,224.63425343174455,-5.259593833088615,-0.15625000000000006,-201.11111111111111,,001,1,practice,90,high,0.8,3,
0.3386984169483185,42,-8.0,1.0,-222.82920094227308,5.697856149673264,224.6342448821371,-5.25973438136035,-0.15625000000000006,-201.11111111111111,,001,1,practice,90,high,0.8,3,
0.3488442918751389,43,-8.0,1.0,-222.82915007011124,5.6979883452913205,224.63423804245113,-5.259846819977739,-0.15625000000000006,-201.11111111111111,,001,1,practice,90,high,0.8,3,
0.35199933289550245,44,-8.0,1.0,-222.82910937238177,5.698094101785766,224.63423257070235,-5.259936770871649,-0.15625000000000006,-201.11111111111111,,001,1,practice,90,high,0.8,3,
0.3651707919780165,45,-8.0,1.0,-222.82907681419817,5.698178706981322,224.63422819330333,-5.260008731586778,-0.15625000000000006,-201.11111111111111,,001,1,practice,90,high,0.8,3,
0.3683264998253435,46,-8.0,1.0,-222.8290507676513,5.698246391137767,224.6342246913841,-5.260066300158881,-0.15625000000000006,-201.11111111111111,,001,1,practice,90,high,0.8,3,
0.3827294169459492,47,-8.0,1.0,-222.8290299304138,5.698300538462923,224.63422188984873,-5.260112355016563,-0.15625000000000006,-201.11111111111111,,001,1,practice,90,high,0.8,3,
0.3875370000023395,48,-8.0,1.0,-222.8290132606238,5.6983438563230475,224.63421964862044,-5.260149198902709,-0.15625000000000006,-201.11111111111111,,001,1,practice,90,high,0.8,3,
0.3985838748048991,49,-8.0,1.0,-222.82899992479182,5.698378510611147,224.63421785563781,-5.260178674011625,-0.15625000000000006,-201.11111111111111,,001,1,practice,90,high,0.8,3,
0.4026598329655826,50,-8.0,1.0,-222.82898925612622,5.698406234041627,224.6342164212517,-5.2602022540987585,-0.15625000000000006,-201.11111111111111,,001,1,practice,90,high,0.8,3,
0.4152339999563992,51,-8.0,1.0,-222.82898072119374,5.698428412786011,224.6342152737428,-5.260221118168465,-0.15625000000000006,-201.11111111111111,,001,1,practice,90,high,0.8,3,
0.41861033299937844,52,-8.0,1.0,-222.82897389324776,5.698446155781519,224.63421435573568,-5.26023620942423,-0.15625000000000006,-201.11111111111111,,001,1,practice,90,high,0.8,3,
0.4317899579182267,53,-8.0,1.0,-222.82896843089097,5.698460350177925,224.63421362133,-5.260248282428842,-0.15625000000000006,-201.11111111111111,,001,1,practice,90,high,0.8,3,
0.4353089998476207,54,-8.0,1.0,-222.82896406100554,5.69847170569505,224.63421303380545,-5.260257940832532,-0.15625000000000006,-201.11111111111111,,001,1,practice,90,high,0.8,3,
0.4484894168563187,55,-8.0,1.0,-222.8289605650972,5.698480790108749,224.6342125637858,-5.260265667555484,-0.15625000000000006,-201.11111111111111,,001,1,practice,90,high,0.8,3,
0.4517251248471439,56,-8.0,1.0,-222.82895776837051,5.698488057639708,224.6342121877701,-5.260271848933845,-0.15625000000000006,-201.11111111111111,,001,1,practice,90,high,0.8,3,
0.4651667079888284,57,-8.0,1.0,-222.82895553098916,5.698493871664476,224.63421188695753,-5.2602767940365345,-0.15625000000000006,-201.11111111111111,,001,1,practice,90,high,0.8,3,
0.46870104200206697,58,-9.0,0.0,-222.5781728069739,5.829299605015961,224.84436783312952,-5.394120533692352,-8.326672684688674e-17,-201.2962962962963,,001,1,practice,90,high,0.8,3,
0.48181962477974594,59,-9.0,0.0,-222.3775466277617,5.933944191697148,225.0124925900671,-5.501195525417005,-8.326672684688674e-17,-201.2962962962963,,001,1,practice,90,high,0.8,3,
0.4856157498434186,60,-10.0,-2.0,-221.81139951234687,6.205944706702058,225.54812163002617,-5.709198549664737,0.3124999999999999,-201.4814814814815,,001,1,practice,90,high,0.8,3,
0.49855829193256795,61,-10.0,-2.0,-221.35848182001502,6.423545118705986,225.97662486199343,-5.875600969062922,0.3124999999999999,-201.4814814814815,,001,1,practice,90,high,0.8,3,
0.5023176670074463,62,-17.0,-11.0,-218.88226378812212,7.45290022884212,228.18220422317273,-6.957667948474872,1.71875,-202.7777777777778,,001,1,practice,90,high,0.8,3,
0.5151599578093737,63,-17.0,-11.0,-216.9012893626078,8.276384316951027,229.94666771211618,-7.823321532004432,1.71875,-202.7777777777778,,001,1,practice,90,high,0.8,3,
0.5188357499428093,64,-28.0,-25.0,-211.96606480861828,10.141205671114886,234.26832750598655,-10.034637582092733,3.90625,-204.81481481481484,,001,1,practice,90,high,0.8,3,
0.5334558750037104,65,-28.0,-25.0,-208.01788516542666,11.633062754445973,237.72565534108284,-11.803690422163374,3.90625,-204.81481481481484,,001,1,practice,90,high,0.8,3,
0.5484980829060078,66,-35.0,-36.0,-202.37224196087135,13.610344393817842,242.74893750716026,-14.182173499678488,5.625,-206.11111111111114,,001,1,practice,90,high,0.8,3,
0.5525447078980505,67,-44.0,-55.0,-193.83642726525161,16.427170291996067,250.61142326641732,-17.277959844354434,8.59375,-207.7777777777778,,001,1,practice,90,high,0.8,3,
0.5650594998151064,68,-44.0,-55.0,-187.00777550875583,18.680631010538647,256.90141187382295,-19.75458892009519,8.59375,-207.7777777777778,,001,1,practice,90,high,0.8,3,
0.569510499946773,69,-52.0,-71.0,-178.080187307776,21.375634977070117,265.1863361189041,-22.837445102348315,11.09375,-209.2592592592593,,001,1,practice,90,high,0.8,3,
0.5817477079108357,70,-52.0,-71.0,-170.93811674699214,23.531638150295294,271.814275514969,-25.303730048150815,11.09375,-209.2592592592593,,001,1,practice,90,high,0.8,3,
0.5853764577768743,71,-55.0,-78.0,-163.71601812002376,25.46763300549936,278.53831546748916,-27.71451954146803,12.1875,-209.81481481481484,,001,1,practice,90,high,0.8,3,
0.6009194999933243,72,-55.0,-78.0,-157.93833921844904,27.01642888966261,283.9175474295053,-29.6431511361218,12.1875,-209.81481481481484,,001,1,practice,90,high,0.8,3,
0.6150722499005497,73,-58.0,-85.0,-151.7979148739454,28.377211755639085,289.64458924376703,-31.641707180115645,13.28125,-210.37037037037038,,001,1,practice,90,high,0.8,3,
0.6186443329788744,74,-58.0,-85.0,-146.88557539834247,29.465838048420267,294.2262226951764,-33.24055201531072,13.28125,-210.37037037037038,,001,1,practice,90,high,0.8,3,
0.6321571248117834,75,-58.0,-85.0,-142.95570381786013,30.33673908264521,297.8915294563039,-34.519627883466775,13.28125,-210.37037037037038,,001,1,practice,90,high,0.8,3,
0.6366502079181373,76,-58.0,-87.0,-139.41180700328118,31.03286003891878,301.22377477524446,-35.543008552212896,13.59375,-210.37037037037038,,001,1,practice,90,high,0.8,3,
0.648380332859233,77,-58.0,-87.0,-136.57668955161802,31.58975680393764,303.88957103039695,-36.36171308720979,13.59375,-210.37037037037038,,001,1,practice,90,high,0.8,3,
0.6527634579688311,78,-56.0,-88.0,-133.86231738704305,32.0063646101286,306.2714636751678,-36.702458636372135,13.75,-210.0,,001,1,practice,90,high,0.8,3,
0.6678464999422431,79,-56.0,-88.0,-131.69081965538308,32.339650855081366,308.1769777909845,-36.97505507570201,13.75,-210.0,,001,1,practice,90,high,0.8,3,
0.6822620418388397,80,-53.0,-90.0,-129.23599773064203,32.5354549357185,310.1649138315205,-36.72729721023093,14.0625,-209.44444444444446,,001,1,practice,90,high,0.8,3,
0.68654974992387,81,-47.0,-93.0,-125.93896059556351,32.54165828958632,312.50189858300644,-35.59917889998244,14.53125,-208.33333333333334,,001,1,practice,90,high,0.8,3,
0.6986185829155147,82,-47.0,-93.0,-123.30133088750071,32.546620972680586,314.3714863841952,-34.69668425178365,14.53125,-208.33333333333334,,001,1,practice,90,high,0.8,3,
0.7031754169147462,83,-41.0,-95.0,-119.93581336250773,32.39587752937933,316.4382393768547,-33.045631251179955,14.84375,-207.22222222222223,,001,1,practice,90,high,0.8,3,
0.7153286668471992,84,-41.0,-95.0,-117.24339934251334,32.275282774738315,318.09164177098233,-31.724788850696996,14.84375,-207.22222222222223,,001,1,practice,90,high,0.8,3,
0.7191018329467624,85,-28.0,-100.0,-112.32581901675803,31.829173451288206,320.76709350823637,-28.65804163425809,15.625,-204.8148148148148,,001,1,practice,90,high,0.8,3,
0.7344223749823868,86,-28.0,-100.0,-108.39175475615379,31.472285992528118,322.90745489803965,-26.204643861106966,15.625,-204.8148148148148,,001,1,practice,90,high,0.8,3,
0.748453666921705,87,-17.0,-104.0,-102.92474753670666,30.87255798418569,325.723695172075,-22.544769250852937,16.25,-202.77777777777777,,001,1,practice,90,high,0.8,3,
0.751979166874662,88,-6.0,-108.0,-96.23924138198852,30.025193427730468,329.07906746713536,-17.93038599260597,16.875,-200.74074074074073,,001,1,practice,90,high,0.8,3,
0.7651446668896824,89,-6.0,-108.0,-90.89083645821401,29.34730178256629,331.76336530318366,-14.238879386008396,16.875,-200.74074074074073,,001,1,practice,90,high,0.8,3,
0.7691185418516397,90,-1.0,-109.0,-85.60830815889528,28.6250529050679,334.2715644440821,-10.521661213003746,17.03125,-200.0,,001,1,practice,90,high,0.8,3,
0.7819170828443021,91,-1.0,-109.0,-81.3822855194403,28.04725380306919,336.2781237568009,-7.547886674600026,17.03125,-200.0,,001,1,practice,90,high,0.8,3,
0.7864068748895079,92,2.0,-110.0,-77.37121602005891,27.53225859143163,338.1694214845394,-4.699418229884767,17.1875,-200.0,,001,1,practice,90,high,0.8,3,
0.8011554169934243,93,2.0,-110.0,-74.1623604205538,27.120262422121584,339.68245966673015,-2.42064347411256,17.1875,-200.0,,001,1,practice,90,high,0.8,3,
0.8154742917977273,94,6.0,-111.0,-70.77541885112528,26.70215361026919,341.2168616304477,0.024673955224334243,17.34375,-200.0,,001,1,practice,90,high,0.8,3,
0.8193150828592479,95,8.0,-111.0,-67.66767603894866,26.329652392536946,342.52402111274847,2.2933250650437844,17.34375,-200.0,,001,1,practice,90,high,0.8,3,
0.8326330420095474,96,8.0,-111.0,-65.18148178920735,26.031651418351153,343.5697486985891,4.1082459528993445,17.34375,-200.0,,001,1,practice,90,high,0.8,3,
0.8367433748207986,97,9.0,-111.0,-62.992617519812306,25.787213764442726,344.44631254118195,5.718975288271833,17.34375,-200.0,,001,1,practice,90,high,0.8,3,
0.8493183748796582,98,9.0,-111.0,-61.24152610429627,25.591663641315982,345.1475636152563,7.007558756569825,17.34375,-200.0,,001,1,practice,90,high,0.8,3,
0.8533423747867346,99,10.0,-111.0,-59.64123930844139,25.45052683764352,345.74844720720415,8.201486190174005,17.34375,-200.0,,001,1,practice,90,high,0.8,3,
0.867280957987532,100,10.0,-111.0,-58.36100987175749,25.33761739470555,346.22915408076244,9.15662813705735,17.34375,-200.0,,001,1,practice,90,high,0.8,3,
0.8821077498141676,101,10.0,-111.0,-57.33682632241037,25.247289840355172,346.6137195796091,9.920741694564025,17.34375,-200.0,,001,1,practice,90,high,0.8,3,
0.8859621249139309,102,8.0,-111.0,-56.11756921091522,25.183499770371498,347.0013540330899,10.21372693526869,17.34375,-200.37037037037038,,001,1,practice,90,high,0.8,3,
0.898530624806881,103,8.0,-111.0,-55.1421635217191,25.132467714384557,347.31146159587456,10.448115127832423,17.34375,-200.37037037037038,,001,1,practice,90,high,0.8,3,
0.9023032919503748,104,1.0,-112.0,-52.98662064260789,24.761832198595616,347.99459131165315,9.44966370768353,17.5,-201.66666666666669,,001,1,practice,90,high,0.8,3,
0.9172002919949591,105,1.0,-112.0,-51.26218633931892,24.465323785964465,348.54109508427604,8.650902571564417,17.5,-201.66666666666669,,001,1,practice,90,high,0.8,3,
0.9350539578590542,106,-18.0,-116.0,-46.21484051613687,22.95247798479426,350.3518577784845,4.71676584845607,18.125,-205.1851851851852,,001,1,practice,90,high,0.8,3,
0.948830374982208,107,-52.0,-125.0,-35.57620699018463,19.3111503823633,354.56061930733256,-4.356753722329566,19.53125,-211.4814814814815,,001,1,practice,90,high,0.8,3,
0.9526152079924941,108,-101.0,-147.0,-25.0,12.705452289158211,363.4651957713063,-20.19409658121014,22.96875,-220.55555555555557,,001,1,practice,90,high,0.8,3,
0.9654344168957323,109,-101.0,-147.0,-25.0,7.420893814594139,370.5888569424853,-32.863970868314595,22.96875,-220.55555555555557,,001,1,practice,90,high,0.8,3,
0.9696815419010818,110,-153.0,-180.0,-25.0,0.5609807221081891,383.9743699652922,-51.846323560565104,28.125,-230.1851851851852,,001,1,practice,90,high,0.8,3,
0.9819792499765754,111,-153.0,-180.0,-25.0,-4.926949751880572,394.68278038353776,-67.03220571436552,28.125,-230.1851851851852,,001,1,practice,90,high,0.8,3,
0.9863779579754919,112,-196.0,-220.0,-25.0,-11.452005193262703,411.95951312229414,-86.48785364984407,34.375,-238.14814814814815,,001,1,practice,90,high,0.8,3,
1.0002327079419047,113,-196.0,-220.0,-25.0,-16.67204954636841,425.0,-102.0523719982269,34.375,-238.14814814814815,,001,1,practice,90,high,0.8,3,
1.016050374833867,114,-230.0,-263.0,-25.0,-24.18789174586259,425.0,-120.61194802033509,41.09375,-244.44444444444446,,001,1,practice,90,high,0.8,3,
1.020108207827434,115,-238.0,-284.0,-25.0,-31.93635765986685,425.0,-137.08676726890343,44.375,-245.92592592592595,,001,1,practice,90,high,0.8,3,
1.0338167077861726,116,-238.0,-284.0,-25.0,-38.13513039107026,425.0,-150.0,44.375,-245.92592592592595,,001,1,practice,90,high,0.8,3,
1.0495867079589516,117,-245.0,-321.0,-25.0,-46.88317004927166,425.0,-150.0,50.15625,-247.22222222222226,,001,1,practice,90,high,0.8,3,
1.0536126669030637,118,-247.0,-356.0,-25.0,-57.56673197214305,425.0,-150.0,55.625,-247.59259259259264,,001,1,practice,90,high,0.8,3,
1.0669487919658422,119,-247.0,-356.0,-25.0,-66.11358151044017,425.0,-150.0,55.625,-247.59259259259264,,001,1,practice,90,high,0.8,3,
1.0820495418738574,120,-243.0,-377.0,-25.0,-75.33453500548426,425.0,-150.0,58.90625,-246.8518518518519,,001,1,practice,90,high,0.8,3,
1.08602699986659,121,-234.0,-400.0,-25.0,-85.3768441036447,425.0,-150.0,62.5,-245.18518518518525,,001,1,practice,90,high,0.8,3,
1.0986460829153657,122,-234.0,-400.0,-25.0,-93.41069138217306,425.0,-150.0,62.5,-245.18518518518525,,001,1,practice,90,high,0.8,3,
1.1022320420015603,123,-222.0,-416.0,-25.0,-101.52279641023127,425.0,-150.0,65.0,-242.96296296296302,,001,1,practice,90,high,0.8,3,
1.1158784998115152,124,-222.0,-416.0,-25.0,-108.01248043267783,425.0,-150.0,65.0,-242.96296296296302,,001,1,practice,90,high,0.8,3,
1.1198579578194767,125,-211.0,-429.0,-25.0,-114.19018708326034,425.0,-149.3047890218452,67.03125,-240.92592592592598,,001,1,practice,90,high,0.8,3,
1.1337612918578088,126,-211.0,-429.0,-25.0,-119.13235240372634,425.0,-148.74862023932138,67.03125,-240.92592592592598,,001,1,practice,90,high,0.8,3,
1.1485828747972846,127,-201.0,-436.0,-25.0,-123.45864442562628,425.0,-146.77819716640775,68.125,-239.07407407407413,,001,1,practice,90,high,0.8,3,
1.1523033329285681,128,-184.0,-446.0,-25.0,-127.23303566281504,425.0,-142.5445302320106,69.6875,-235.92592592592598,,001,1,practice,90,high,0.8,3,
1.1653402498923242,129,-184.0,-446.0,-25.0,-130.25254865256605,425.0,-139.1575966844929,69.6875,-235.92592592592598,,001,1,practice,90,high,0.8,3,
1.1691462500020862,130,-166.0,-452.0,-25.0,-132.47466415560496,425.0,-133.52935086872634,70.625,-232.59259259259264,,001,1,practice,90,high,0.8,3,
1.1826662919484079,131,-166.0,-452.0,-25.0,-134.25235655803607,425.0,-129.0267542161131,70.625,-232.59259259259264,,001,1,practice,90,high,0.8,3,
1.1870708749629557,132,-149.0,-455.0,-25.0,-135.00461603539605,425.0,-122.57069800510551,71.09375,-229.44444444444449,,001,1,practice,90,high,0.8,3,
1.2007149579003453,133,-149.0,-455.0,-25.0,-135.60642361728407,425.0,-117.40585303629945,71.09375,-229.44444444444449,,001,1,practice,90,high,0.8,3,
1.2156012079212815,134,-127.0,-454.0,-25.0,-134.6217090270548,425.0,-109.46074493010667,70.9375,-225.3703703703704,,001,1,practice,90,high,0.8,3,
1.2199178328737617,135,-112.0,-452.0,-25.0,-132.62271858439317,425.0,-100.46241469105681,70.625,-222.59259259259264,,001,1,practice,90,high,0.8,3,
1.232102582929656,136,-112.0,-452.0,-25.0,-131.02352623026385,425.0,-93.26375049981691,70.625,-222.59259259259264,,001,1,practice,90,high,0.8,3,
1.2363611669279635,137,-91.0,-445.0,-25.0,-127.4462575292792,425.0,-83.68523618328875,69.53125,-218.70370370370375,,001,1,practice,90,high,0.8,3,
1.248534666839987,138,-91.0,-445.0,-25.0,-124.58444256849147,425.0,-76.02242473006622,69.53125,-218.70370370370375,,001,1,practice,90,high,0.8,3,
1.2518432079814374,139,-73.0,-436.0,-25.0,-119.74794615039981,425.0,-66.5027666775959,68.125,-215.3703703703704,,001,1,practice,90,high,0.8,3,
1.2670832918956876,140,-73.0,-436.0,-25.0,-115.87874901592649,425.0,-58.88704023561965,68.125,-215.3703703703704,,001,1,practice,90,high,0.8,3,
1.2817642497830093,141,-50.0,-418.0,-25.0,-108.54406325471913,423.3199432518237,-48.26659347131291,65.3125,-211.11111111111114,,001,1,practice,90,high,0.8,3,
1.2847498748451471,142,-31.0,-399.0,-25.0,-98.55093155983614,419.6247001295399,-35.905159442684095,62.34375,-207.59259259259264,,001,1,practice,90,high,0.8,3,
1.298451374983415,143,-31.0,-399.0,-25.0,-90.55642620392975,416.6685056317129,-26.016012219781043,62.34375,-207.59259259259264,,001,1,practice,90,high,0.8,3,
1.3020671668928117,144,-25.0,-391.0,-25.0,-82.52307803402482,413.25314053556804,-16.81714566442264,61.09375,-206.48148148148152,,001,1,practice,90,high,0.8,3,
1.3150866248179227,145,-25.0,-391.0,-25.0,-76.09639949810088,410.52084845865215,-9.458052420135918,61.09375,-206.48148148148152,,001,1,practice,90,high,0.8,3,
1.3186085829511285,146,-24.0,-390.0,-25.0,-70.7025432905197,408.20049968951145,-3.3602751489381326,60.9375,-206.29629629629633,,001,1,practice,90,high,0.8,3,
1.3341372918803245,147,-24.0,-390.0,-25.0,-66.38745832445476,406.3442206741989,1.5179466680200955,60.9375,-206.29629629629633,,001,1,practice,90,high,0.8,3,
1.348574916832149,148,-28.0,-388.0,-25.0,-62.12376928883242,404.61436959786835,4.942848334140754,60.625,-207.03703703703707,,001,1,practice,90,high,0.8,3,
1.3524899168405682,149,-42.0,-381.0,-25.0,-55.855259289584026,402.3661727505167,6.014281421187386,59.53125,-209.62962962962965,,001,1,practice,90,high,0.8,3,
1.3650751248933375,150,-42.0,-381.0,-25.0,-50.840451290185314,400.56761527263535,6.871427890824691,59.53125,-209.62962962962965,,001,1,practice,90,high,0.8,3,
1.3688265418168157,151,-67.0,-370.0,-25.0,-41.72266092242319,397.7570648578126,4.578333860183166,57.8125,-214.25925925925927,,001,1,practice,90,high,0.8,3,
1.381704666884616,152,-67.0,-370.0,-25.0,-34.42842862821349,395.5086245259545,2.7438586356699464,57.8125,-214.25925925925927,,001,1,practice,90,high,0.8,3,
1.3852019999176264,153,-95.0,-360.0,-25.0,-23.01596836636304,392.52248543725574,-2.0883066586440915,56.25,-219.44444444444446,,001,1,practice,90,high,0.8,3,
1.4008456249721348,154,-95.0,-360.0,-25.0,-13.886000156882682,390.13357416629674,-5.954038894095322,56.25,-219.44444444444446,,001,1,practice,90,high,0.8,3,
1.4151283327955753,155,-131.0,-351.0,-25.0,0.5078199186332508,387.2212658725435,-13.388655580869976,54.84375,-226.11111111111111,,001,1,practice,90,high,0.8,3,
1.4190012079197913,156,-196.0,-343.0,-25.0,24.489166063281104,384.41520058929524,-27.24309091344268,53.59375,-238.14814814814815,,001,1,practice,90,high,0.8,3,
1.431752499891445,157,-196.0,-343.0,-25.0,43.67424297899939,382.17034836269664,-38.326639179500845,53.59375,-238.14814814814815,,001,1,practice,90,high,0.8,3,
1.435287166852504,158,-300.0,-336.0,-25.0,78.84566743150015,380.54495923997723,-59.86880520836215,52.5,-257.4074074074074,,001,1,practice,90,high,0.8,3,
1.4489584169350564,159,-300.0,-336.0,-25.0,106.98280699350076,379.2446479418017,-77.10253803145119,52.5,-257.4074074074074,,001,1,practice,90,high,0.8,3,
1.4528090418316424,160,-397.0,-334.0,-25.0,147.59183289540738,379.283467501955,-102.7896614394612,52.1875,-275.3703703703703,,001,1,practice,90,high,0.8,3,
1.4665574999526143,161,-397.0,-334.0,-25.0,150.0,379.3145231500776,-123.33936016586921,52.1875,-275.3703703703703,,001,1,practice,90,high,0.8,3,
1.4823908328544348,162,-534.0,-339.0,-25.0,150.0,382.03436357526067,-150.0,52.96875,-300.7407407407407,,001,1,practice,90,high,0.8,3,
1.4864944168366492,163,-613.0,-346.0,-25.0,150.0,386.41773637334995,-150.0,54.0625,-315.3703703703703,,001,1,practice,90,high,0.8,3,
1.498446999816224,164,-613.0,-346.0,-25.0,150.0,389.92443461182137,-150.0,54.0625,-315.3703703703703,,001,1,practice,90,high,0.8,3,
1.5029787498060614,165,-650.0,-356.0,-25.0,150.0,394.9644357316794,-150.0,55.625,-322.2222222222222,,001,1,practice,90,high,0.8,3,
1.5151142498943955,166,-650.0,-356.0,-25.0,150.0,398.9964366275658,-150.0,55.625,-322.2222222222222,,001,1,practice,90,high,0.8,3,
1.5187992919236422,167,-682.0,-368.0,-25.0,150.0,404.6851135843274,-150.0,57.5,-328.1481481481481,,001,1,practice,90,high,0.8,3,
1.5333496669773012,168,-682.0,-368.0,-25.0,150.0,409.2360551497366,-150.0,57.5,-328.1481481481481,,001,1,practice,90,high,0.8,3,
1.5485752918757498,169,-691.0,-375.0,-25.0,150.0,414.1666444820194,-150.0,58.59375,-329.8148148148148,,001,1,practice,90,high,0.8,3,
1.5527777078095824,170,-701.0,-384.0,-25.0,150.0,419.74981735687123,-150.0,60.0,-331.66666666666663,,001,1,practice,90,high,0.8,3,
1.565111291827634,171,-701.0,-384.0,-25.0,150.0,424.2163556567527,-150.0,60.0,-331.66666666666663,,001,1,practice,90,high,0.8,3,
1.5689753328915685,172,-706.0,-390.0,-25.0,150.0,425.0,-150.0,60.9375,-332.59259259259255,,001,1,practice,90,high,0.8,3,
1.584281082963571,173,-706.0,-390.0,-25.0,150.0,425.0,-150.0,60.9375,-332.59259259259255,,001,1,practice,90,high,0.8,3,
1.6000124579295516,174,-709.0,-396.0,-25.0,150.0,425.0,-150.0,61.875,-333.1481481481481,,001,1,practice,90,high,0.8,3,
1.6151162078604102,175,-710.0,-399.0,-25.0,150.0,425.0,-150.0,62.34375,-333.33333333333326,,001,1,practice,90,high,0.8,3,
1.618854416999966,176,-711.0,-400.0,-25.0,150.0,425.0,-150.0,62.5,-333.5185185185184,,001,1,practice,90,high,0.8,3,
1.631767624989152,177,-711.0,-400.0,-25.0,150.0,425.0,-150.0,62.5,-333.5185185185184,,001,1,practice,90,high,0.8,3,
1.6356807497795671,178,-711.0,-401.0,-25.0,150.0,425.0,-150.0,62.65625,-333.5185185185184,,001,1,practice,90,high,0.8,3,
1.6484318748116493,179,-711.0,-401.0,-25.0,150.0,425.0,-150.0,62.65625,-333.5185185185184,,001,1,practice,90,high,0.8,3,
1.6519534578546882,180,-709.0,-403.0,-25.0,150.0,425.0,-150.0,62.96875,-333.14814814814804,,001,1,practice,90,high,0.8,3,
1.667057832935825,181,-709.0,-403.0,-25.0,150.0,425.0,-150.0,62.96875,-333.14814814814804,,001,1,practice,90,high,0.8,3,
1.681834541959688,182,-702.0,-405.0,-25.0,150.0,425.0,-149.3356577542535,63.28125,-331.85185185185173,,001,1,practice,90,high,0.8,3,
1.685717249987647,183,-687.0,-406.0,-25.0,150.0,425.0,-145.83660601133224,63.4375,-329.07407407407396,,001,1,practice,90,high,0.8,3,
1.698420082917437,184,-687.0,-406.0,-25.0,150.0,425.0,-143.0373646169952,63.4375,-329.07407407407396,,001,1,practice,90,high,0.8,3,
1.7026819169986993,185,-662.0,-407.0,-25.0,150.0,425.0,-135.86732910096242,63.59375,-324.44444444444434,,001,1,practice,90,high,0.8,3,
1.715620124945417,186,-662.0,-407.0,-25.0,150.0,425.0,-130.1313006881362,63.59375,-324.44444444444434,,001,1,practice,90,high,0.8,3,
1.7200981248170137,187,-646.0,-407.0,-25.0,150.0,425.0,-122.35826102386498,63.59375,-321.48148148148135,,001,1,practice,90,high,0.8,3,
1.7338612079620361,188,-646.0,-407.0,-25.0,150.0,425.0,-116.13982929244801,63.59375,-321.48148148148135,,001,1,practice,90,high,0.8,3,
1.748718166956678,189,-645.0,-407.0,-25.0,150.0,425.0,-110.96575004935704,63.59375,-321.2962962962962,,001,1,practice,90,high,0.8,3,
1.752021832857281,190,-645.0,-407.0,-25.0,150.0,425.0,-106.82648665488426,63.59375,-321.2962962962962,,001,1,practice,90,high,0.8,3,
1.765186166856438,191,-645.0,-407.0,-25.0,150.0,425.0,-103.51507593930604,63.59375,-321.2962962962962,,001,1,practice,90,high,0.8,3,
1.768733707955107,192,-645.0,-407.0,-25.0,150.0,425.0,-100.86594736684347,63.59375,-321.2962962962962,,001,1,practice,90,high,0.8,3,
1.7819602079689503,193,-645.0,-407.0,-25.0,150.0,425.0,-98.74664450887342,63.59375,-321.2962962962962,,001,1,practice,90,high,0.8,3,
1.7863693749532104,194,-645.0,-407.0,-25.0,150.0,425.0,-97.05120222249737,63.59375,-321.2962962962962,,001,1,practice,90,high,0.8,3,
1.801677874987945,195,-645.0,-407.0,-25.0,150.0,425.0,-95.69484839339653,63.59375,-321.2962962962962,,001,1,practice,90,high,0.8,3,
1.816118041984737,196,-644.0,-404.0,-25.0,150.0,424.7107387213029,-94.32892378974694,63.125,-321.11111111111103,,001,1,practice,90,high,0.8,3,
1.8201717080082744,197,-638.0,-394.0,-25.0,150.0,423.02849239219734,-91.83419938903401,61.5625,-319.99999999999994,,001,1,practice,90,high,0.8,3,
1.832059791777283,198,-638.0,-394.0,-25.0,150.0,421.68269532891287,-89.83841986846367,61.5625,-319.99999999999994,,001,1,practice,90,high,0.8,3,
1.836275499779731,199,-625.0,-373.0,-25.0,150.0,417.62456929163653,-85.24925641257119,58.28125,-317.59259259259255,,001,1,practice,90,high,0.8,3,
1.8487015829887241,200,-625.0,-373.0,-25.0,150.0,414.3780684618155,-81.5779256478572,58.28125,-317.59259259259255,,001,1,practice,90,high,0.8,3,
1.8531809579581022,201,-614.0,-352.0,-25.0,150.0,408.7596811468907,-75.99519432982152,55.0,-315.55555555555554,,001,1,practice,90,high,0.8,3,
1.8686674579512328,202,-614.0,-352.0,-25.0,150.0,404.26497129495095,-71.52900927539297,55.0,-315.55555555555554,,001,1,practice,90,high,0.8,3,
1.8827146249823272,203,-612.0,-342.0,-25.0,150.0,399.23252646138184,-67.2622623795276,53.4375,-315.18518518518516,,001,1,practice,90,high,0.8,3,
1.886967457830906,204,-617.0,-335.0,-25.0,150.0,394.2359616559173,-64.33889339515396,52.34375,-316.1111111111111,,001,1,practice,90,high,0.8,3,
1.8985420828685164,205,-617.0,-335.0,-25.0,150.0,390.23870981154573,-62.00019820765505,52.34375,-316.1111111111111,,001,1,practice,90,high,0.8,3,
1.902730249799788,206,-635.0,-329.0,-25.0,150.0,386.4441256073351,-62.34285387210706,51.40625,-319.4444444444444,,001,1,practice,90,high,0.8,3,
1.9151145829819143,207,-635.0,-329.0,-25.0,150.0,383.40845824396655,-62.616978403668654,51.40625,-319.4444444444444,,001,1,practice,90,high,0.8,3,
1.9189129169099033,208,-669.0,-320.0,-25.0,150.0,380.194529822525,-67.03101031488063,50.0,-325.7407407407407,,001,1,practice,90,high,0.8,3,
1.9342602498363703,209,-669.0,-320.0,-25.0,150.0,377.62338708537175,-70.56223584385022,50.0,-325.7407407407407,,001,1,practice,90,high,0.8,3,
1.948592250002548,210,-703.0,-312.0,-25.0,150.0,374.951726972524,-77.59862479171711,48.75,-332.037037037037,,001,1,practice,90,high,0.8,3,
1.952786749927327,211,-766.0,-303.0,-25.0,150.0,372.6463666924485,-91.1027194217714,47.34375,-343.7037037037037,,001,1,practice,90,high,0.8,3,
1.9652826248202473,212,-766.0,-303.0,-25.0,150.0,370.8020784683881,-101.90599512581483,47.34375,-343.7037037037037,,001,1,practice,90,high,0.8,3,
1.9689327499363571,213,-820.0,-299.0,-25.0,150.0,370.1379688683442,-117.58086340237071,46.71875,-353.7037037037037,,001,1,practice,90,high,0.8,3,
1.9823341248556972,214,-820.0,-299.0,-25.0,150.0,369.6066811883091,-130.12075802361542,46.71875,-353.7037037037037,,001,1,practice,90,high,0.8,3,
1.9862028749193996,215,-874.0,-297.0,-25.0,150.0,370.42568499071365,-147.30076292756544,46.40625,-363.7037037037037,,001,1,practice,90,high,0.8,3,
2.000127707840875,216,-874.0,-297.0,-25.0,150.0,371.0808880326373,-150.0,46.40625,-363.7037037037037,,001,1,practice,90,high,0.8,3,
2.015424291836098,217,-925.0,-296.0,-25.0,150.0,373.02093953293064,-150.0,46.25,-373.14814814814815,,001,1,practice,90,high,0.8,3,
2.0192946668248624,218,-960.0,-296.0,-25.0,150.0,375.68949643396076,-150.0,46.25,-379.6296296296296,,001,1,practice,90,high,0.8,3,
2.032027166802436,219,-960.0,-296.0,-25.0,150.0,377.8243419547848,-150.0,46.25,-379.6296296296296,,001,1,practice,90,high,0.8,3,
2.0359884998761117,220,-960.0,-297.0,-25.0,150.0,379.726206730885,-150.0,46.40625,-379.6296296296296,,001,1,practice,90,high,0.8,3,
2.0491721669677645,221,-960.0,-297.0,-25.0,150.0,381.24769855176515,-150.0,46.40625,-379.6296296296296,,001,1,practice,90,high,0.8,3,
2.0533150827977806,222,-960.0,-297.0,-25.0,150.0,382.4648920084693,-150.0,46.40625,-379.6296296296296,,001,1,practice,90,high,0.8,3,
2.066782332956791,223,-960.0,-297.0,-25.0,150.0,383.4386467738326,-150.0,46.40625,-379.6296296296296,,001,1,practice,90,high,0.8,3,
2.082530332962051,224,-960.0,-299.0,-25.0,150.0,384.61090463506457,-150.0,46.71875,-379.6296296296296,,001,1,practice,90,high,0.8,3,
2.0862620829138905,225,-960.0,-300.0,-25.0,150.0,385.74499744672835,-150.0,46.875,-379.6296296296296,,001,1,practice,90,high,0.8,3,
2.0986351249739528,226,-960.0,-300.0,-25.0,150.0,386.6522716960594,-150.0,46.875,-379.6296296296296,,001,1,practice,90,high,0.8,3,
2.1027925829403102,227,-960.0,-301.0,-25.0,150.0,387.57431372675364,-150.0,47.03125,-379.6296296296296,,001,1,practice,90,high,0.8,3,
2.1157307918183506,228,-960.0,-301.0,-25.0,150.0,388.311947351309,-150.0,47.03125,-379.6296296296296,,001,1,practice,90,high,0.8,3,
2.1197401247918606,229,-960.0,-303.0,-25.0,150.0,389.29474835722726,-150.0,47.34375,-379.6296296296296,,001,1,practice,90,high,0.8,3,
2.1336715419311076,230,-960.0,-303.0,-25.0,150.0,390.0809891619619,-150.0,47.34375,-379.6296296296296,,001,1,practice,90,high,0.8,3,
2.148468041792512,231,-959.0,-305.0,-25.0,150.0,391.1109280895922,-150.0,47.65625,-379.44444444444446,,001,1,practice,90,high,0.8,3,
2.1521751668769866,232,-952.0,-309.0,-25.0,150.0,392.86585475521997,-149.3869888178284,48.28125,-378.14814814814815,,001,1,practice,90,high,0.8,3,
2.1651104998309165,233,-952.0,-309.0,-25.0,150.0,394.26979608772217,-148.89657987209114,48.28125,-378.14814814814815,,001,1,practice,90,high,0.8,3,
2.1686599999666214,234,-933.0,-315.0,-25.0,150.0,397.070187579468,-145.11673431219555,49.21875,-374.6296296296296,,001,1,practice,90,high,0.8,3,
2.182400166988373,235,-933.0,-315.0,-25.0,150.0,399.31050077286466,-142.09285786427907,49.21875,-374.6296296296296,,001,1,practice,90,high,0.8,3,
2.186289999866858,236,-888.0,-320.0,-25.0,150.0,403.4882000234945,-131.59834112884602,50.0,-366.2962962962963,,001,1,practice,90,high,0.8,3,
2.2011349578388035,237,-888.0,-320.0,-25.0,150.0,406.83035942399846,-123.20272774049957,50.0,-366.2962962962963,,001,1,practice,90,high,0.8,3,
2.21516124997288,238,-798.0,-322.0,-25.0,150.0,413.0167951593954,-100.42100003350293,50.3125,-349.6296296296296,,001,1,practice,90,high,0.8,3,
2.2187410828191787,239,-708.0,-315.0,-25.0,150.0,420.0719870315946,-66.1735683216457,49.21875,-332.96296296296293,,001,1,practice,90,high,0.8,3,
2.2319320829119533,240,-708.0,-315.0,-25.0,150.0,425.0,-38.77562295215992,49.21875,-332.96296296296293,,001,1,practice,90,high,0.8,3,
2.2356434578541666,241,-588.0,-303.0,-25.0,150.0,425.0,4.248316283290819,47.34375,-310.7407407407407,,001,1,practice,90,high,0.8,3,
2.2485020828898996,242,-588.0,-303.0,-25.0,150.0,425.0,38.667467671651416,47.34375,-310.7407407407407,,001,1,practice,90,high,0.8,3,
2.252090707886964,243,-542.0,-296.0,-25.0,150.0,425.0,74.22143704290187,46.25,-302.2222222222222,,001,1,practice,90,high,0.8,3,
2.26752429199405,244,-542.0,-296.0,-25.0,150.0,425.0,102.66461253990222,46.25,-302.2222222222222,,001,1,practice,90,high,0.8,3,
2.2823019169736654,245,-482.0,-279.0,-25.0,150.0,425.0,135.81814772810895,43.59375,-291.1111111111111,,001,1,practice,90,high,0.8,3,
2.286583249922842,246,-457.0,-269.0,-25.0,150.0,425.0,150.0,42.03125,-286.48148148148147,,001,1,practice,90,high,0.8,3,
2.298600957961753,247,-457.0,-269.0,-25.0,150.0,425.0,150.0,42.03125,-286.48148148148147,,001,1,practice,90,high,0.8,3,
2.3023931668139994,248,-450.0,-264.0,-25.0,150.0,425.0,150.0,41.25,-285.18518518518516,,001,1,practice,90,high,0.8,3,
2.315320707857609,249,-450.0,-264.0,-25.0,150.0,425.0,150.0,41.25,-285.18518518518516,,001,1,practice,90,high,0.8,3,
2.3193183748517185,250,-451.0,-256.0,-25.0,150.0,424.4597846755016,150.0,40.0,-285.3703703703703,,001,1,practice,90,high,0.8,3,
2.3345987498760223,251,-451.0,-256.0,-25.0,150.0,424.0276124159029,150.0,40.0,-285.3703703703703,,001,1,practice,90,high,0.8,3,
2.3485421668738127,252,-460.0,-245.0,-25.0,150.0,422.4866842420705,150.0,38.28125,-287.037037037037,,001,1,practice,90,high,0.8,3,
2.3524876669980586,253,-486.0,-228.0,-25.0,150.0,419.7725439873683,150.0,35.625,-291.85185185185185,,001,1,practice,90,high,0.8,3,
2.3652421250008047,254,-486.0,-228.0,-25.0,150.0,417.6012317836065,150.0,35.625,-291.85185185185185,,001,1,practice,90,high,0.8,3,
2.3692371249198914,255,-529.0,-207.0,-25.0,150.0,414.4178516111642,144.21966102538266,32.34375,-299.81481481481484,,001,1,practice,90,high,0.8,3,
2.3817883748561144,256,-529.0,-207.0,-25.0,150.0,411.8711474732104,139.5953898456888,32.34375,-299.81481481481484,,001,1,practice,90,high,0.8,3,
2.385482791811228,257,-580.0,-182.0,-25.0,150.0,408.1045673458105,127.66425305829505,28.4375,-309.2592592592593,,001,1,practice,90,high,0.8,3,
2.4007280829828233,258,-580.0,-182.0,-25.0,150.0,405.0913032438906,118.11934362838004,28.4375,-309.2592592592593,,001,1,practice,90,high,0.8,3,
2.4156667499337345,259,-636.0,-157.0,-25.0,149.89478386884238,401.1260246903058,101.32861400640206,24.53125,-319.6296296296297,,001,1,practice,90,high,0.8,3,
2.419675582787022,260,-699.0,-136.0,-25.0,148.50614220491164,397.2372720005268,77.55513655701876,21.25,-331.29629629629636,,001,1,practice,90,high,0.8,3,
2.431831124937162,261,-699.0,-136.0,-25.0,147.39522887376705,394.12626984870354,58.53635459751211,21.25,-331.29629629629636,,001,1,practice,90,high,0.8,3,
2.4355130419135094,262,-773.0,-120.0,-25.0,144.68063136943198,392.08376957776323,31.11615566202291,18.75,-345.00000000000006,,001,1,practice,90,high,0.8,3,
2.448498332872987,263,-773.0,-120.0,-25.0,142.50895336596392,390.44976936101096,9.179996513631547,18.75,-345.00000000000006,,001,1,practice,90,high,0.8,3,
2.4525072078686208,264,-850.0,-112.0,-25.0,138.82944338890817,390.93468888002616,-21.077364319937796,17.5,-359.2592592592593,,001,1,practice,90,high,0.8,3,
2.4676222919952124,265,-850.0,-112.0,-25.0,135.88583540726358,391.32262449523836,-45.28325298679327,17.5,-359.2592592592593,,001,1,practice,90,high,0.8,3,
2.481842292007059,266,-943.0,-112.0,-25.0,131.19620237133515,395.3235499508514,-79.9949132504002,17.5,-376.4814814814815,,001,1,practice,90,high,0.8,3,
2.485646874876693,267,-960.0,-116.0,-25.0,126.97566015715746,399.85653862357503,-110.57800861837273,18.125,-379.6296296296297,,001,1,practice,90,high,0.8,3,
2.4985248330049217,268,-960.0,-116.0,-25.0,123.59922638581531,403.48292956175396,-135.04448491275076,18.125,-379.6296296296297,,001,1,practice,90,high,0.8,3,
2.5022896667942405,269,-960.0,-122.0,-25.0,120.70264716326422,407.58083811066035,-150.0,19.0625,-379.6296296296297,,001,1,practice,90,high,0.8,3,
2.5151800417806953,270,-960.0,-122.0,-25.0,118.38538378522334,410.85916494978545,-150.0,19.0625,-379.6296296296297,,001,1,practice,90,high,0.8,3,
2.519265499897301,271,-960.0,-126.0,-25.0,116.47420803193081,414.28141454732804,-150.0,19.6875,-379.6296296296297,,001,1,practice,90,high,0.8,3,
2.5345949169714004,272,-960.0,-126.0,-25.0,114.94526742929679,417.01921422536213,-150.0,19.6875,-379.6296296296297,,001,1,practice,90,high,0.8,3,
2.548640624852851,273,-960.0,-133.0,-25.0,113.58433808338225,420.6080947785691,-150.0,20.78125,-379.6296296296297,,001,1,practice,90,high,0.8,3,
2.552470332942903,274,-960.0,-142.0,-25.0,112.30238905724879,425.0,-150.0,22.1875,-379.6296296296297,,001,1,practice,90,high,0.8,3,
2.565065207891166,275,-960.0,-142.0,-25.0,111.27682983634202,425.0,-150.0,22.1875,-379.6296296296297,,001,1,practice,90,high,0.8,3,
2.5688297499436885,276,-960.0,-151.0,-25.0,110.3081049863007,425.0,-150.0,23.59375,-379.6296296296297,,001,1,practice,90,high,0.8,3,
2.5818396247923374,277,-960.0,-151.0,-25.0,109.53312510626766,425.0,-150.0,23.59375,-379.6296296296297,,001,1,practice,90,high,0.8,3,
2.585742374882102,278,-960.0,-159.0,-25.0,108.96951574613952,425.0,-150.0,24.84375,-379.6296296296297,,001,1,practice,90,high,0.8,3,
2.601107541937381,279,-960.0,-159.0,-25.0,108.51862825803701,425.0,-150.0,24.84375,-379.6296296296297,,001,1,practice,90,high,0.8,3,
2.6151743750087917,280,-960.0,-166.0,-25.0,108.3013607947696,425.0,-150.0,25.9375,-379.6296296296297,,001,1,practice,90,high,0.8,3,
2.6186412079259753,281,-960.0,-174.0,-25.0,108.23409703224843,425.0,-150.0,27.1875,-379.6296296296297,,001,1,practice,90,high,0.8,3,
2.631948832888156,282,-960.0,-174.0,-25.0,108.1802860222315,425.0,-150.0,27.1875,-379.6296296296297,,001,1,practice,90,high,0.8,3,
2.6360011668875813,283,-960.0,-179.0,-25.0,107.96006185951266,425.0,-150.0,27.96875,-379.6296296296297,,001,1,practice,90,high,0.8,3,
2.6484786248765886,284,-960.0,-179.0,-25.0,107.78388252933759,425.0,-150.0,27.96875,-379.6296296296297,,001,1,practice,90,high,0.8,3,
2.65202512498945,285,-959.0,-184.0,-25.0,107.34974435718537,425.0,-150.0,28.75,-379.4444444444445,,001,1,practice,90,high,0.8,3,
2.6667012497782707,286,-959.0,-184.0,-25.0,107.00243381946359,425.0,-150.0,28.75,-379.4444444444445,,001,1,practice,90,high,0.8,3,
2.6817803329322487,287,-949.0,-190.0,-25.0,105.91850442135627,425.0,-148.85725305513358,29.6875,-377.59259259259267,,001,1,practice,90,high,0.8,3,
2.6854084578808397,288,-922.0,-199.0,-25.0,103.09474264666925,425.0,-144.0143791504807,31.09375,-372.59259259259267,,001,1,practice,90,high,0.8,3,
2.6984888748265803,289,-922.0,-199.0,-25.0,100.83573322691961,425.0,-140.14008002675837,31.09375,-372.59259259259267,,001,1,practice,90,high,0.8,3,
2.7025296669453382,290,-875.0,-209.0,-25.0,96.97476247623153,425.0,-129.9313933707582,32.65625,-363.88888888888897,,001,1,practice,90,high,0.8,3,
2.715176082914695,291,-875.0,-209.0,-25.0,93.88598587568106,425.0,-121.76444404595806,32.65625,-363.88888888888897,,001,1,practice,90,high,0.8,3,
2.7187832079362124,292,-811.0,-218.0,-25.0,89.06573890714384,425.0,-105.46072972373732,34.0625,-352.0370370370371,,001,1,practice,90,high,0.8,3,
2.7336618329863995,293,-811.0,-218.0,-25.0,85.20954133231407,425.0,-92.41775826596071,34.0625,-352.0370370370371,,001,1,practice,90,high,0.8,3,
2.748509416822344,294,-748.0,-222.0,-25.0,78.27854803863579,425.0,-72.67258814650233,34.6875,-340.37037037037044,,001,1,practice,90,high,0.8,3,
2.7525734168011695,295,-692.0,-221.0,-25.0,68.40752652381393,425.0,-48.78169742691148,34.53125,-330.00000000000006,,001,1,practice,90,high,0.8,3,
2.765236167004332,296,-692.0,-221.0,-25.0,60.51070931195644,425.0,-29.668984851238793,34.53125,-330.00000000000006,,001,1,practice,90,high,0.8,3,
2.7694162919651717,297,-634.0,-215.0,-25.0,48.326089086922565,425.0,-6.272248081810222,33.59375,-319.2592592592593,,001,1,practice,90,high,0.8,3,
2.781788832973689,298,-634.0,-215.0,-25.0,38.578392906895466,425.0,12.445141333732636,33.59375,-319.2592592592593,,001,1,practice,90,high,0.8,3,
2.785489375004545,299,-604.0,-208.0,-25.0,27.397378693077183,425.0,31.5424814122076,32.5,-313.70370370370375,,001,1,practice,90,high,0.8,3,
2.8010910828597844,300,-604.0,-208.0,-25.0,18.452567322022556,425.0,46.82035347498757,32.5,-313.70370370370375,,001,1,practice,90,high,0.8,3,
2.8152024999726564,301,-584.0,-197.0,-25.0,8.833288514439074,425.0,61.749965183063594,30.78125,-310.00000000000006,,001,1,practice,90,high,0.8,3,
2.8193191247992218,302,-570.0,-183.0,-25.0,-0.7735861147086851,424.78097796850335,75.55136423290821,28.59375,-307.40740740740745,,001,1,practice,90,high,0.8,3,
2.831876624841243,303,-570.0,-183.0,-25.0,-8.459085818026892,424.60576034330603,86.59248347278391,28.59375,-307.40740740740745,,001,1,practice,90,high,0.8,3,
2.836356457788497,304,-562.0,-165.0,-25.0,-15.986525548926052,422.3236444729914,96.42957087103555,25.78125,-305.925925925926,,001,1,practice,90,high,0.8,3,
2.848489874973893,305,-562.0,-165.0,-25.0,-22.00847733364538,420.49795177673974,104.29924078963687,25.78125,-305.925925925926,,001,1,practice,90,high,0.8,3,
2.852159582776949,306,-560.0,-146.0,-25.0,-27.67810363176382,416.74235360385364,110.74456375044933,22.8125,-305.5555555555556,,001,1,practice,90,high,0.8,3,
2.867474624887109,307,-560.0,-146.0,-25.0,-32.21380467025857,413.73787506554476,115.9008221190993,22.8125,-305.5555555555556,,001,1,practice,90,high,0.8,3,
2.8818389577791095,308,-562.0,-132.0,-25.0,-36.067053800206985,409.65818992661923,119.66089115418875,20.625,-305.925925925926,,001,1,practice,90,high,0.8,3,
2.8856161669827998,309,-570.0,-121.0,-25.0,-39.17068293447555,405.17848437801365,121.38474041619834,18.90625,-307.40740740740745,,001,1,practice,90,high,0.8,3,
2.8984843748621643,310,-570.0,-121.0,-25.0,-41.65358624189041,401.5947199391292,122.76381982580601,18.90625,-307.40740740740745,,001,1,practice,90,high,0.8,3,
2.902530041988939,311,-587.0,-108.0,-25.0,-43.11614976568394,397.49731244596813,121.25183517791982,16.875,-310.5555555555556,,001,1,practice,90,high,0.8,3,
2.9151379577815533,312,-587.0,-108.0,-25.0,-44.28620058471877,394.2193864514393,120.04224745961086,16.875,-310.5555555555556,,001,1,practice,90,high,0.8,3,
2.9188983750063926,313,-628.0,-89.0,-25.0,-42.867331378441,390.30214622076,112.98555925726482,13.90625,-318.1481481481482,,001,1,practice,90,high,0.8,3,
2.933745332993567,314,-628.0,-89.0,-25.0,-41.732236013418785,387.1683540362166,107.340208695388,13.90625,-318.1481481481482,,001,1,practice,90,high,0.8,3,
2.948516999837011,315,-676.0,-70.0,-25.0,-36.692224939262836,383.513695673712,95.97031520231417,10.9375,-327.0370370370371,,001,1,practice,90,high,0.8,3,
2.95215779193677,316,-719.0,-59.0,-25.0,-28.574255961512726,380.4061026063512,80.81159243154018,9.21875,-335.0000000000001,,001,1,practice,90,high,0.8,3,
2.9650817078072578,317,-719.0,-59.0,-25.0,-22.07988077931264,377.9200281524626,68.68461421492098,9.21875,-335.0000000000001,,001,1,practice,90,high,0.8,3,
2.969541999977082,318,-762.0,-53.0,-25.0,-11.866196383776153,376.3884593405428,53.10666849158092,8.28125,-342.9629629629631,,001,1,practice,90,high,0.8,3,
2.9817913328297436,319,-762.0,-53.0,-25.0,-3.6952488673469635,375.16320429100693,40.64431191290886,8.28125,-342.9629629629631,,001,1,practice,90,high,0.8,3,
2.9862223328091204,320,-799.0,-53.0,-25.0,7.904722820647557,375.2623309195759,25.76706938494145,8.28125,-349.81481481481495,,001,1,practice,90,high,0.8,3,
0.00016950001008808613,1,1.0,0.0,-225.0,0.0,225.16,0.0,0.15625,-200.0,,001,2,practice,0,high,0.8,3,
0.004232832929119468,2,3.0,-4.0,-225.29743011870693,0.8435255328002713,225.54851397625862,-0.47129489343994574,0.46875,-200.74074074074073,,001,2,practice,0,high,0.8,3,
0.015002500033006072,3,3.0,-4.0,-225.53537421367247,1.5183459590404884,225.85932515726552,-0.8483308081919023,0.46875,-200.74074074074073,,001,2,practice,0,high,0.8,3,
0.018843499943614006,4,2.0,-12.0,-226.41558007442873,3.5156336605685268,225.81000398511426,-2.1384732678862948,0.3125,-202.22222222222223,,001,2,practice,0,high,0.8,3,
0.0316079999320209,5,2.0,-12.0,-227.11974476303374,5.113463821790957,225.77054704739325,-3.1705872356418086,0.3125,-202.22222222222223,,001,2,practice,0,high,0.8,3,
0.03505345806479454,6,-9.0,-47.0,-230.7056078698688,13.07785569426084,223.37447522602625,-8.25905286114783,-1.40625,-208.7037037037037,,001,2,practice,0,high,0.8,3,
0.05064433300867677,7,-9.0,-47.0,-233.57429835533685,19.449369192236748,221.45761776893264,-12.329825361552649,-1.40625,-208.7037037037037,,001,2,practice,0,high,0.8,3,
0.0653269998729229,8,-31.0,-118.0,-241.43642960244193,38.3308652297912,215.29069603151163,-24.189586314041755,-4.84375,-221.85185185185185,,001,2,practice,0,high,0.8,3,
0.06893758289515972,9,-53.0,-205.0,-253.64060198036793,70.3812405955733,205.65426516552643,-44.20835936888533,-8.28125,-237.96296296296296,,001,2,practice,0,high,0.8,3,
0.08159929187968373,10,-53.0,-205.0,-263.40393988270876,96.02154088819898,197.94512047273827,-60.22337781276019,-8.28125,-237.96296296296296,,001,2,practice,0,high,0.8,3,
0.08515920792706311,11,-72.0,-320.0,-280.92215530374983,137.7282041658176,186.79629569867404,-87.19650795915646,-11.25,-259.25925925925924,,001,2,practice,0,high,0.8,3,
0.09824662492610514,12,-72.0,-320.0,-294.9367276405827,150.0,177.87723587942267,-108.77501207627348,-11.25,-259.25925925925924,,001,2,practice,0,high,0.8,3,
0.1018990830052644,13,-82.0,-438.0,-316.39037657679876,150.0,167.09358981067163,-140.64669552154973,-12.8125,-281.1111111111111,,001,2,practice,0,high,0.8,3,
0.1175862499512732,14,-82.0,-438.0,-333.5532957257716,150.0,158.4666729556708,-150.0,-12.8125,-281.1111111111111,,001,2,practice,0,high,0.8,3,
0.13173395791091025,15,-75.0,-500.0,-353.6008226931688,150.0,151.42170114202634,-150.0,-11.71875,-292.59259259259255,,001,2,practice,0,high,0.8,3,
0.13576700002886355,16,-63.0,-540.0,-374.19379882181704,150.0,146.79473278016468,-150.0,-9.84375,-299.99999999999994,,001,2,practice,0,high,0.8,3,
0.14830316696316004,17,-63.0,-540.0,-390.6681797247356,150.0,143.09315809067536,-150.0,-9.84375,-299.99999999999994,,001,2,practice,0,high,0.8,3,
0.15200295788235962,18,-54.0,-540.0,-404.90727267477945,150.0,141.3599806935421,-150.0,-8.4375,-299.99999999999994,,001,2,practice,0,high,0.8,3,
0.16487249988131225,19,-54.0,-540.0,-416.29854703481453,150.0,139.9734387758355,-150.0,-8.4375,-299.99999999999994,,001,2,practice,0,high,0.8,3,
0.16833704197779298,20,-50.0,-540.0,-425.0,150.0,139.40541786440318,-150.0,-7.8125,-299.99999999999994,,001,2,practice,0,high,0.8,3,
0.18392545799724758,21,-50.0,-540.0,-425.0,150.0,138.95100113525731,-150.0,-7.8125,-299.99999999999994,,001,2,practice,0,high,0.8,3,
0.19842787506058812,22,-49.0,-540.0,-425.0,150.0,138.72157417280005,-150.0,-7.65625,-299.99999999999994,,001,2,practice,0,high,0.8,3,
0.20210479199886322,23,-45.0,-540.0,-425.0,150.0,139.07599520408797,-150.0,-7.03125,-299.99999999999994,,001,2,practice,0,high,0.8,3,
0.21494049998000264,24,-45.0,-540.0,-425.0,150.0,139.3595320291183,-150.0,-7.03125,-299.99999999999994,,001,2,practice,0,high,0.8,3,
0.21859462489373982,25,-42.0,-540.0,-425.0,150.0,139.9994427073906,-150.0,-6.5625,-299.99999999999994,,001,2,practice,0,high,0.8,3,
0.23158120806328952,26,-42.0,-540.0,-425.0,150.0,140.51137125000847,-150.0,-6.5625,-299.99999999999994,,001,2,practice,0,high,0.8,3,
0.23559929197654128,27,-41.0,-539.0,-425.0,150.0,141.05110475825347,-150.0,-6.40625,-299.8148148148148,,001,2,practice,0,high,0.8,3,
0.25102712493389845,28,-41.0,-539.0,-425.0,150.0,141.48289156484947,-150.0,-6.40625,-299.8148148148148,,001,2,practice,0,high,0.8,3,
0.2681154580786824,29,-40.0,-537.0,-425.0,150.0,141.94407631691206,-150.0,-6.25,-299.4444444444444,,001,2,practice,0,high,0.8,3,
0.2851114999502897,30,-40.0,-534.0,-425.0,150.0,142.25811977873346,-150.0,-6.25,-298.88888888888886,,001,2,practice,0,high,0.8,3,
0.29878570791333914,31,-40.0,-529.0,-425.0,150.0,142.4232265700141,-149.1013702817982,-6.25,-297.96296296296293,,001,2,practice,0,high,0.8,3,
0.30320895789191127,32,-40.0,-523.0,-425.0,150.0,142.45527628473263,-147.20430863994108,-6.25,-296.85185185185185,,001,2,practice,0,high,0.8,3,
0.317738207988441,33,-40.0,-523.0,-425.0,150.0,142.48091605650745,-145.68665932645538,-6.25,-296.85185185185185,,001,2,practice,0,high,0.8,3,
0.3317972500808537,34,-40.0,-514.0,-425.0,150.0,142.3555877483037,-142.7034036458803,-6.25,-295.18518518518516,,001,2,practice,0,high,0.8,3,
0.3358790830243379,35,-40.0,-505.0,-425.0,150.0,142.1108013261775,-138.5470827410482,-6.25,-293.5185185185185,,001,2,practice,0,high,0.8,3,
0.3483412079513073,36,-40.0,-505.0,-425.0,150.0,141.91497218847655,-135.22202601718254,-6.25,-293.5185185185185,,001,2,practice,0,high,0.8,3,
0.3519030420575291,37,-40.0,-504.0,-425.0,150.0,141.74298288707388,-132.36503318902444,-6.25,-293.3333333333333,,001,2,practice,0,high,0.8,3,
0.3650667918846011,38,-40.0,-504.0,-425.0,150.0,141.60539144595174,-130.07943892649797,-6.25,-293.3333333333333,,001,2,practice,0,high,0.8,3,
0.3690577079541981,39,-40.0,-504.0,-425.0,150.0,141.49531829305403,-128.2509635164768,-6.25,-293.3333333333333,,001,2,practice,0,high,0.8,3,
0.3844709580298513,40,-40.0,-504.0,-425.0,150.0,141.40725977073586,-126.78818318845984,-6.25,-293.3333333333333,,001,2,practice,0,high,0.8,3,
0.3982915829401463,41,-41.0,-503.0,-425.0,150.0,141.1560152949287,-125.4053522969613,-6.40625,-293.14814814814815,,001,2,practice,0,high,0.8,3,
0.4019319580402225,42,-41.0,-503.0,-425.0,150.0,140.95501971428297,-124.29908758376246,-6.40625,-293.14814814814815,,001,2,practice,0,high,0.8,3,
0.41498529189266264,43,-41.0,-503.0,-425.0,150.0,140.7942232497664,-123.4140758132034,-6.40625,-293.14814814814815,,001,2,practice,0,high,0.8,3,
0.41861408296972513,44,-42.0,-502.0,-425.0,150.0,140.48434228875857,-122.49363833735892,-6.5625,-292.962962962963,,001,2,practice,0,high,0.8,3,
0.43159820791333914,45,-42.0,-502.0,-425.0,150.0,140.2364375199523,-121.75728835668333,-6.5625,-292.962962962963,,001,2,practice,0,high,0.8,3,
0.4352057499345392,46,-43.0,-502.0,-425.0,150.0,139.8644298059856,-121.13062179328416,-6.71875,-292.962962962963,,001,2,practice,0,high,0.8,3,
0.45010758307762444,47,-43.0,-502.0,-425.0,150.0,139.56682363481224,-120.62928854256484,-6.71875,-292.962962962963,,001,2,practice,0,high,0.8,3,
0.46483020787127316,48,-45.0,-501.0,-425.0,150.0,138.98334509270316,-119.9824596844605,-7.03125,-292.7777777777778,,001,2,practice,0,high,0.8,3,
0.4684762500692159,49,-46.0,-500.0,-425.0,150.0,138.34347407871158,-119.24996297610527,-7.1875,-292.59259259259267,,001,2,practice,0,high,0.8,3,
0.4842999579850584,50,-46.0,-500.0,-425.0,150.0,137.83157726751833,-118.66396560942108,-7.1875,-292.59259259259267,,001,2,practice,0,high,0.8,3,
0.49853149987757206,51,-46.0,-500.0,-425.0,150.0,137.42205981856372,-118.19516771607374,-7.1875,-292.59259259259267,,001,2,practice,0,high,0.8,3,
0.5019300000276417,52,-46.0,-500.0,-425.0,150.0,137.09444585940005,-117.82012940139586,-7.1875,-292.59259259259267,,001,2,practice,0,high,0.8,3,
0.5149660420138389,53,-46.0,-500.0,-425.0,150.0,136.83235469206912,-117.52009874965356,-7.1875,-292.59259259259267,,001,2,practice,0,high,0.8,3,
0.5188420829363167,54,-46.0,-500.0,-425.0,150.0,136.62268175820435,-117.28007422825972,-7.1875,-292.59259259259267,,001,2,practice,0,high,0.8,3,
0.5316254580393434,55,-46.0,-500.0,-425.0,150.0,136.45494341111254,-117.08805461114466,-7.1875,-292.59259259259267,,001,2,practice,0,high,0.8,3,
0.5352630419656634,56,-46.0,-500.0,-425.0,150.0,136.3207527334391,-116.9344389174526,-7.1875,-292.59259259259267,,001,2,practice,0,high,0.8,3,
0.5482732080854475,57,-46.0,-500.0,-425.0,150.0,136.21340019130034,-116.81154636249894,-7.1875,-292.59259259259267,,001,2,practice,0,high,0.8,3,
0.5519729580264539,58,-46.0,-500.0,-425.0,150.0,136.12751815758932,-116.71323231853603,-7.1875,-292.59259259259267,,001,2,practice,0,high,0.8,3,
0.5649367498699576,59,-46.0,-500.0,-425.0,150.0,136.05881253062051,-116.6345810833657,-7.1875,-292.59259259259267,,001,2,practice,0,high,0.8,3,
0.5686981668695807,60,-46.0,-500.0,-425.0,150.0,136.00384802904546,-116.57166009522943,-7.1875,-292.59259259259267,,001,2,practice,0,high,0.8,3,
0.5836516669951379,61,-46.0,-500.0,-425.0,150.0,135.95987642778542,-116.52132330472043,-7.1875,-292.59259259259267,,001,2,practice,0,high,0.8,3,
0.5983797078952193,62,-46.0,-500.0,-425.0,150.0,135.92469914677739,-116.48105387231321,-7.1875,-292.59259259259267,,001,2,practice,0,high,0.8,3,
0.6021236248780042,63,-46.0,-499.0,-425.0,150.0,135.88771965197728,-116.2498268461658,-7.1875,-292.4074074074075,,001,2,practice,0,high,0.8,3,
0.6150043329689652,64,-46.0,-499.0,-425.0,150.0,135.8581360561372,-116.06484522524788,-7.1875,-292.4074074074075,,001,2,practice,0,high,0.8,3,
0.619132624939084,65,-45.0,-499.0,-425.0,150.0,135.98325960150507,-115.87846272338143,-7.03125,-292.4074074074075,,001,2,practice,0,high,0.8,3,
0.6316009580623358,66,-45.0,-499.0,-425.0,150.0,136.08335843779935,-115.72935672188828,-7.03125,-292.4074074074075,,001,2,practice,0,high,0.8,3,
0.6352227500174195,67,-43.0,-497.0,-425.0,150.0,136.45970559274429,-115.17945186711574,-6.71875,-292.0370370370371,,001,2,practice,0,high,0.8,3,
0.6506991249043494,68,-43.0,-497.0,-425.0,150.0,136.7607833167002,-114.73952798329772,-6.71875,-292.0370370370371,,001,2,practice,0,high,0.8,3,
0.665614000055939,69,-40.0,-494.0,-425.0,150.0,137.429795199596,-113.74599819960378,-6.25,-291.4814814814816,,001,2,practice,0,high,0.8,3,
0.6696895419154316,70,-39.0,-490.0,-425.0,150.0,138.06513179171833,-112.15750188276873,-6.09375,-290.7407407407408,,001,2,practice,0,high,0.8,3,
0.6816736250184476,71,-39.0,-490.0,-425.0,150.0,138.5734010654162,-110.8867048293007,-6.09375,-290.7407407407408,,001,2,practice,0,high,0.8,3,
0.6854994168970734,72,-37.0,-484.0,-425.0,150.0,139.18576874613376,-108.68435175881501,-5.78125,-289.62962962962973,,001,2,practice,0,high,0.8,3,
0.6983223750721663,73,-37.0,-484.0,-425.0,150.0,139.67566289070783,-106.92246930242646,-5.78125,-289.62962962962973,,001,2,practice,0,high,0.8,3,
0.7020507499109954,74,-37.0,-474.0,-425.0,150.0,139.87507234189775,-103.56233320149596,-5.78125,-287.7777777777779,,001,2,practice,0,high,0.8,3,
0.7187706669792533,75,-37.0,-474.0,-425.0,150.0,140.0345999028497,-100.87422432075155,-5.78125,-287.7777777777779,,001,2,practice,0,high,0.8,3,
0.7318216250278056,76,-36.0,-457.0,-425.0,150.0,139.99277204035724,-95.40753024204827,-5.625,-284.62962962962973,,001,2,practice,0,high,0.8,3,
0.7358230829704553,77,-37.0,-443.0,-425.0,150.0,139.53469158742283,-88.29902123746388,-5.78125,-282.0370370370371,,001,2,practice,0,high,0.8,3,
0.7483859579078853,78,-37.0,-443.0,-425.0,150.0,139.1682272250753,-82.61221403379636,-5.78125,-282.0370370370371,,001,2,practice,0,high,0.8,3,
0.7524323330726475,79,-42.0,-432.0,-425.0,150.0,137.8475349241171,-75.87634796116146,-6.5625,-280.0000000000001,,001,2,practice,0,high,0.8,3,
0.7650414579547942,80,-42.0,-432.0,-425.0,150.0,136.79098108335054,-70.48765510305353,-6.5625,-280.0000000000001,,001,2,practice,0,high,0.8,3,
0.7692517079412937,81,-52.0,-424.0,-425.0,150.0,134.10290658454537,-64.44566545381433,-8.125,-278.51851851851865,,001,2,practice,0,high,0.8,3,
0.7841878330800682,82,-52.0,-424.0,-425.0,150.0,131.95244698550124,-59.61207373442297,-8.125,-278.51851851851865,,001,2,practice,0,high,0.8,3,
0.7990480419248343,83,-63.0,-420.0,-425.0,150.0,128.24897571858847,-54.693587932997545,-9.84375,-277.7777777777779,,001,2,practice,0,high,0.8,3,
0.8029991670046002,84,-74.0,-418.0,-425.0,150.0,123.3161229141232,-50.04399787080732,-11.5625,-277.4074074074075,,001,2,practice,0,high,0.8,3,
0.8150607920251787,85,-74.0,-418.0,-425.0,150.0,119.36984067055097,-46.32432582105513,-11.5625,-277.4074074074075,,001,2,practice,0,high,0.8,3,
0.8190562499221414,86,-80.0,-418.0,-425.0,150.0,115.14075466996357,-43.136355972831026,-12.5,-277.4074074074075,,001,2,practice,0,high,0.8,3,
0.8316631668712944,87,-80.0,-418.0,-425.0,150.0,111.75748586949365,-40.58598009425174,-12.5,-277.4074074074075,,001,2,practice,0,high,0.8,3,
0.835362832993269,88,-87.0,-418.0,-425.0,150.0,107.80074610801384,-38.29775287615115,-13.59375,-277.4074074074075,,001,2,practice,0,high,0.8,3,
0.8504405000712723,89,-87.0,-418.0,-425.0,150.0,104.63535429883,-36.46717110167068,-13.59375,-277.4074074074075,,001,2,practice,0,high,0.8,3,
0.865527749992907,90,-91.0,-418.0,-425.0,150.0,101.38332921488688,-34.863975530384586,-14.21875,-277.4074074074075,,001,2,practice,0,high,0.8,3,
0.8691843328997493,91,-94.0,-418.0,-425.0,150.0,98.24003618348578,-33.47848003566331,-14.6875,-277.4074074074075,,001,2,practice,0,high,0.8,3,
0.8821525420062244,92,-94.0,-418.0,-425.0,150.0,95.72540175836491,-32.37008363988629,-14.6875,-277.4074074074075,,001,2,practice,0,high,0.8,3,
0.8859748330432922,93,-97.0,-420.0,-425.0,150.0,93.15372079934507,-31.683348806798545,-15.15625,-277.7777777777779,,001,2,practice,0,high,0.8,3,
0.898314791964367,94,-97.0,-420.0,-425.0,150.0,91.0963760321292,-31.13396094032835,-15.15625,-277.7777777777779,,001,2,practice,0,high,0.8,3,
0.9019155420828611,95,-99.0,-421.0,-425.0,150.0,89.08126036046535,-30.779781802277917,-15.46875,-277.96296296296305,,001,2,practice,0,high,0.8,3,
0.9175718328915536,96,-99.0,-421.0,-425.0,150.0,87.46916782313427,-30.49643849183757,-15.46875,-277.96296296296305,,001,2,practice,0,high,0.8,3,
0.9317050829995424,97,-100.0,-423.0,-425.0,150.0,85.96961238236379,-30.515522043627897,-15.625,-278.3333333333334,,001,2,practice,0,high,0.8,3,
0.9352144999429584,98,-101.0,-425.0,-425.0,150.0,84.55930123908873,-30.777080837166128,-15.78125,-278.7037037037038,,001,2,practice,0,high,0.8,3,
0.9488812498748302,99,-101.0,-425.0,-425.0,150.0,83.43105232446867,-30.986327871996714,-15.78125,-278.7037037037038,,001,2,practice,0,high,0.8,3,
0.9529371249955148,100,-100.0,-426.0,-425.0,150.0,82.65393168775769,-31.26891182235638,-15.625,-278.88888888888897,,001,2,practice,0,high,0.8,3,
0.965033374959603,101,-100.0,-426.0,-425.0,150.0,82.03223517838892,-31.49497898264411,-15.625,-278.88888888888897,,001,2,practice,0,high,0.8,3,
0.9689858749043196,102,-99.0,-428.0,-425.0,150.0,81.63585766184994,-31.928627033135317,-15.46875,-279.25925925925935,,001,2,practice,0,high,0.8,3,
0.9840906250756234,103,-99.0,-428.0,-425.0,150.0,81.31875564861876,-32.27554547352828,-15.46875,-279.25925925925935,,001,2,practice,0,high,0.8,3,
0.9983844170346856,104,-93.0,-429.0,-425.0,150.0,81.85566127388758,-32.538439694051405,-14.53125,-279.4444444444445,,001,2,practice,0,high,0.8,3,
1.002353792078793,105,-79.0,-432.0,-425.0,150.0,84.11925304313961,-32.82475183046693,-12.34375,-280.00000000000006,,001,2,practice,0,high,0.8,3,
1.0150215830653906,106,-79.0,-432.0,-425.0,150.0,85.93012645854122,-33.05380153959935,-12.34375,-280.00000000000006,,001,2,practice,0,high,0.8,3,
1.018677582964301,107,-63.0,-432.0,-425.0,150.0,89.46457113493686,-32.80729360134065,-9.84375,-280.00000000000006,,001,2,practice,0,high,0.8,3,
1.0317261670716107,108,-63.0,-432.0,-425.0,150.0,92.29212687605337,-32.6100872507337,-9.84375,-280.00000000000006,,001,2,practice,0,high,0.8,3,
1.0357605828903615,109,-39.0,-431.0,-425.0,150.0,97.66033465244267,-31.672093561795247,-6.09375,-279.8148148148149,,001,2,practice,0,high,0.8,3,
1.0511407919693738,110,-39.0,-431.0,-425.0,150.0,101.95490087355411,-30.921698610644487,-6.09375,-279.8148148148149,,001,2,practice,0,high,0.8,3,
1.0654026670381427,111,-11.0,-428.0,-425.0,150.0,108.99675455142,-29.130555817769395,-1.71875,-279.25925925925935,,001,2,practice,0,high,0.8,3,
1.0693258750252426,112,25.0,-420.0,-425.0,150.0,119.2315162190592,-25.504753305712747,3.90625,-277.7777777777779,,001,2,practice,0,high,0.8,3,
1.0816479169297963,113,25.0,-420.0,-425.0,150.0,127.41932555317057,-22.60411129606743,3.90625,-277.7777777777779,,001,2,practice,0,high,0.8,3,
1.0851739579811692,114,62.0,-407.0,-425.0,150.0,138.6322638961815,-17.265528519255998,9.6875,-275.3703703703705,,001,2,practice,0,high,0.8,3,
1.0983161670155823,115,62.0,-407.0,-425.0,150.0,147.60261457059028,-12.994662297806851,9.6875,-275.3703703703705,,001,2,practice,0,high,0.8,3,
1.1023437499534339,116,80.0,-396.0,-425.0,150.0,156.9695225065206,-7.331383857023374,12.5,-273.3333333333335,,001,2,practice,0,high,0.8,3,
1.1164981669280678,117,80.0,-396.0,-425.0,150.0,164.46304885526487,-2.8007611043965914,12.5,-273.3333333333335,,001,2,practice,0,high,0.8,3,
1.1321610829327255,118,101.0,-377.0,-425.0,150.0,172.88870579408012,4.511698516774873,15.78125,-269.81481481481495,,001,2,practice,0,high,0.8,3,
1.1358991670422256,119,114.0,-358.0,-425.0,150.0,180.9498659042819,13.922592434248154,17.8125,-266.2962962962964,,001,2,practice,0,high,0.8,3,
1.1483085420913994,120,114.0,-358.0,-425.0,150.0,187.3987939924433,21.45130756822678,17.8125,-266.2962962962964,,001,2,practice,0,high,0.8,3,
1.1518079170491546,121,118.0,-344.0,-425.0,150.0,192.71719017551294,30.043039476927298,18.4375,-263.7037037037038,,001,2,practice,0,high,0.8,3,
1.1649706249590963,122,118.0,-344.0,-425.0,150.0,196.97190712196866,36.91642500388771,18.4375,-263.7037037037038,,001,2,practice,0,high,0.8,3,
1.1685889579821378,123,119.0,-328.0,-425.0,150.0,200.01011751618253,45.34253424438445,18.59375,-260.7407407407408,,001,2,practice,0,high,0.8,3,
1.1833839579485357,124,119.0,-328.0,-425.0,150.0,202.44068583155362,52.08342163678185,18.59375,-260.7407407407408,,001,2,practice,0,high,0.8,3,
1.1983642920386046,125,113.0,-308.0,-425.0,150.0,202.75029839081193,61.16825770268047,17.65625,-257.0370370370371,,001,2,practice,0,high,0.8,3,
1.2019469579681754,126,95.0,-280.0,-425.0,150.0,199.04252220270035,73.70109303637815,14.84375,-251.85185185185193,,001,2,practice,0,high,0.8,3,
1.2150005830917507,127,95.0,-280.0,-425.0,150.0,196.0763012522111,83.7273613033363,14.84375,-251.85185185185193,,001,2,practice,0,high,0.8,3,
1.2187244580127299,128,73.0,-258.0,-425.0,150.0,189.1653898465149,95.98434313534807,11.40625,-247.77777777777786,,001,2,practice,0,high,0.8,3,
1.2316189580596983,129,73.0,-258.0,-425.0,150.0,183.63666072195795,105.78992860095748,11.40625,-247.77777777777786,,001,2,practice,0,high,0.8,3,
1.2353508749511093,130,34.0,-233.0,-425.0,150.0,171.43090067098362,118.66076917472456,5.3125,-243.14814814814824,,001,2,practice,0,high,0.8,3,
1.2504691248759627,131,34.0,-233.0,-425.0,150.0,161.66629263020414,128.95744163373823,5.3125,-243.14814814814824,,001,2,practice,0,high,0.8,3,
1.2657409580424428,132,-10.0,-218.0,-425.0,150.0,145.2704722776108,140.63075761094686,-1.5625,-240.37037037037047,,001,2,practice,0,high,0.8,3,
1.269852542085573,133,-36.0,-215.0,-425.0,150.0,127.13043140003325,150.0,-5.625,-239.81481481481492,,001,2,practice,0,high,0.8,3,
1.2834359579719603,134,-36.0,-215.0,-425.0,150.0,112.6183986979712,150.0,-5.625,-239.81481481481492,,001,2,practice,0,high,0.8,3,
1.2992224169429392,135,-62.0,-213.0,-425.0,150.0,95.99135702845504,150.0,-9.6875,-239.44444444444454,,001,2,practice,0,high,0.8,3,
1.3033626668620855,136,-75.0,-215.0,-425.0,150.0,80.17672082640897,150.0,-11.71875,-239.81481481481492,,001,2,practice,0,high,0.8,3,
1.316911542089656,137,-75.0,-215.0,-425.0,150.0,67.52501186477211,150.0,-11.71875,-239.81481481481492,,001,2,practice,0,high,0.8,3,
1.3322754169348627,138,-93.0,-221.0,-425.0,150.0,53.902918429499536,150.0,-14.53125,-240.92592592592604,,001,2,practice,0,high,0.8,3,
1.3361432920210063,139,-110.0,-233.0,-425.0,150.0,39.60438555545377,150.0,-17.1875,-243.14814814814827,,001,2,practice,0,high,0.8,3,
1.3483061669394374,140,-110.0,-233.0,-425.0,150.0,28.16555925621715,150.0,-17.1875,-243.14814814814827,,001,2,practice,0,high,0.8,3,
1.3519421250093728,141,-135.0,-258.0,-425.0,150.0,25.0,147.59790619492668,-21.09375,-247.77777777777789,,001,2,practice,0,high,0.8,3,
1.3650242919102311,142,-135.0,-258.0,-425.0,150.0,25.0,145.67623115086803,-21.09375,-247.77777777777789,,001,2,practice,0,high,0.8,3,
1.368965083034709,143,-154.0,-284.0,-425.0,150.0,25.0,140.69771701420572,-24.0625,-252.5925925925927,,001,2,practice,0,high,0.8,3,
1.3840774579439312,144,-154.0,-284.0,-425.0,150.0,25.0,136.71490570487586,-24.0625,-252.5925925925927,,001,2,practice,0,high,0.8,3,
1.3984351670369506,145,-160.0,-297.0,-425.0,150.0,25.0,131.75433696914325,-25.0,-255.0000000000001,,001,2,practice,0,high,0.8,3,
1.402375124860555,146,-164.0,-315.0,-425.0,150.0,25.0,125.1862355883706,-25.625,-258.3333333333334,,001,2,practice,0,high,0.8,3,
1.4149619999807328,147,-164.0,-315.0,-425.0,150.0,25.0,119.93175448375246,-25.625,-258.3333333333334,,001,2,practice,0,high,0.8,3,
1.418392667081207,148,-165.0,-327.0,-425.0,150.0,25.0,113.99662328999617,-25.78125,-260.55555555555566,,001,2,practice,0,high,0.8,3,
1.431629457976669,149,-165.0,-327.0,-425.0,150.0,25.0,109.24851833499113,-25.78125,-260.55555555555566,,001,2,practice,0,high,0.8,3,
1.4353463749866933,150,-161.0,-344.0,-425.0,150.0,25.0,103.02294249813207,-25.15625,-263.7037037037038,,001,2,practice,0,high,0.8,3,
1.4508827498648316,151,-161.0,-344.0,-425.0,150.0,25.0,98.04248182864481,-25.15625,-263.7037037037038,,001,2,practice,0,high,0.8,3,
1.4650118749123067,152,-152.0,-360.0,-425.0,150.0,25.0,91.79758643837489,-23.75,-266.6666666666668,,001,2,practice,0,high,0.8,3,
1.4685040418989956,153,-132.0,-378.0,-425.0,150.0,25.709560195928518,84.39396874798966,-20.625,-270.0000000000001,,001,2,practice,0,high,0.8,3,
1.4816437498666346,154,-132.0,-378.0,-425.0,150.0,26.27720835267133,78.47107459568147,-20.625,-270.0000000000001,,001,2,practice,0,high,0.8,3,
1.485385041916743,155,-100.0,-399.0,-425.0,150.0,30.45200046687002,70.99395617895483,-15.625,-273.888888888889,,001,2,practice,0,high,0.8,3,
1.4983241250738502,156,-100.0,-399.0,-425.0,150.0,33.79183415822897,65.01226144557353,-15.625,-273.888888888889,,001,2,practice,0,high,0.8,3,
1.5019087078981102,157,-73.0,-412.0,-425.0,150.0,39.68111962884858,58.61713334257036,-11.40625,-276.2962962962964,,001,2,practice,0,high,0.8,3,
1.5175317919347435,158,-73.0,-412.0,-425.0,150.0,44.39254800534426,53.50103086016783,-11.40625,-276.2962962962964,,001,2,practice,0,high,0.8,3,
1.5325252499897033,159,-32.0,-421.0,-425.0,150.0,53.159360849046195,48.583230508161876,-5.0,-277.9629629629631,,001,2,practice,0,high,0.8,3,
1.5366752499248832,160,-3.0,-424.0,-425.0,150.0,63.72030958373898,44.57696128497961,-0.46875,-278.51851851851865,,001,2,practice,0,high,0.8,3,
1.5483324169181287,161,-3.0,-424.0,-425.0,150.0,72.16906857149321,41.3719459064338,-0.46875,-278.51851851851865,,001,2,practice,0,high,0.8,3,
1.551931707886979,162,33.0,-423.0,-425.0,150.0,83.34529388279334,39.48960095516236,5.15625,-278.3333333333335,,001,2,practice,0,high,0.8,3,
1.5650289580225945,163,33.0,-423.0,-425.0,150.0,92.28627413183345,37.983724994145206,5.15625,-278.3333333333335,,001,2,practice,0,high,0.8,3,
1.5690161250531673,164,62.0,-418.0,-425.0,150.0,102.98100796479302,38.00315320704436,9.6875,-277.40740740740756,,001,2,practice,0,high,0.8,3,
1.584061292000115,165,62.0,-418.0,-425.0,150.0,111.53679503116068,38.01869577736369,9.6875,-277.40740740740756,,001,2,practice,0,high,0.8,3,
1.5983983750920743,166,77.0,-412.0,-425.0,150.0,120.16461044023568,39.183847732048726,12.03125,-276.2962962962965,,001,2,practice,0,high,0.8,3,
1.6023525418713689,167,95.0,-399.0,-425.0,150.0,129.1043704524761,42.47705059921795,14.84375,-273.8888888888891,,001,2,practice,0,high,0.8,3,
1.6149713329505175,168,95.0,-399.0,-425.0,150.0,136.25617846226845,45.111612892953325,14.84375,-273.8888888888891,,001,2,practice,0,high,0.8,3,
1.6187251249793917,169,105.0,-389.0,-425.0,150.0,143.047899535331,49.01773456398241,16.40625,-272.03703703703724,,001,2,practice,0,high,0.8,3,
1.6316167078912258,170,105.0,-389.0,-425.0,150.0,148.48127639378103,52.142631900805675,16.40625,-272.03703703703724,,001,2,practice,0,high,0.8,3,
1.6352701669093221,171,117.0,-371.0,-425.0,150.0,153.94910047845167,57.85510788012018,18.28125,-268.7037037037039,,001,2,practice,0,high,0.8,3,
1.6497434580232948,172,117.0,-371.0,-425.0,150.0,158.32335974618817,62.425088663571785,18.28125,-268.7037037037039,,001,2,practice,0,high,0.8,3,
1.6650166250765324,173,126.0,-352.0,-425.0,150.0,162.49139195076768,69.45600654637009,19.6875,-265.1851851851854,,001,2,practice,0,high,0.8,3,
1.6689933750312775,174,131.0,-327.0,-425.0,150.0,165.68259391692334,79.46846352129691,20.46875,-260.55555555555577,,001,2,practice,0,high,0.8,3,
1.6817036669235677,175,131.0,-327.0,-425.0,150.0,168.23555548984785,87.47842910123838,20.46875,-260.55555555555577,,001,2,practice,0,high,0.8,3,
1.6856914169620723,176,129.0,-308.0,-425.0,150.0,169.26401520748982,97.24654145544076,20.15625,-257.03703703703724,,001,2,practice,0,high,0.8,3,
1.6982747500296682,177,129.0,-308.0,-425.0,150.0,170.0867829816034,105.06103133880268,20.15625,-257.03703703703724,,001,2,practice,0,high,0.8,3,
1.7020001669880003,178,125.0,-303.0,-425.0,150.0,169.87193274168777,112.21883509913764,19.53125,-256.1111111111113,,001,2,practice,0,high,0.8,3,
1.717963167000562,179,125.0,-303.0,-425.0,150.0,169.7000525497553,117.9450781074056,19.53125,-256.1111111111113,,001,2,practice,0,high,0.8,3,
1.732146417023614,180,116.0,-298.0,-425.0,150.0,167.73679120207927,123.47026470235528,18.125,-255.1851851851854,,001,2,practice,0,high,0.8,3,
1.735593083081767,181,109.0,-297.0,-425.0,150.0,165.04618212393845,128.05041397831502,17.03125,-255.0000000000002,,001,2,practice,0,high,0.8,3,
1.748240957967937,182,109.0,-297.0,-425.0,150.0,162.8936948614258,131.71453339908282,17.03125,-255.0000000000002,,001,2,practice,0,high,0.8,3,
1.7521089168731123,183,100.0,-296.0,-425.0,150.0,159.602160587718,135.14408657703763,15.625,-254.814814814815,,001,2,practice,0,high,0.8,3,
1.7649281250778586,184,100.0,-296.0,-425.0,150.0,156.9689331687518,137.88772911940148,15.625,-254.814814814815,,001,2,practice,0,high,0.8,3,
1.7689730420242995,185,78.0,-296.0,-425.0,150.0,150.95811616278957,140.8743270614122,12.1875,-254.814814814815,,001,2,practice,0,high,0.8,3,
1.7837768748868257,186,78.0,-296.0,-425.0,150.0,146.1494625580198,143.26360541502078,12.1875,-254.814814814815,,001,2,practice,0,high,0.8,3,
1.7987956670112908,187,46.0,-300.0,-425.0,150.0,136.66740612222435,145.7176681207484,7.1875,-255.55555555555574,,001,2,practice,0,high,0.8,3,
1.802847000071779,188,8.0,-308.0,-425.0,150.0,122.42006012209805,147.84120440946555,1.25,-257.03703703703724,,001,2,practice,0,high,0.8,3,
1.8157237500417978,189,8.0,-308.0,-425.0,150.0,111.022183321997,149.54003344043926,1.25,-257.03703703703724,,001,2,practice,0,high,0.8,3,
1.8200894999317825,190,-18.0,-318.0,-425.0,150.0,97.26348456631824,150.0,-2.8125,-258.8888888888891,,001,2,practice,0,high,0.8,3,
1.8316283749882132,191,-18.0,-318.0,-425.0,150.0,86.25652556177522,150.0,-2.8125,-258.8888888888891,,001,2,practice,0,high,0.8,3,
1.835416791960597,192,-48.0,-334.0,-425.0,150.0,72.08689571464554,149.16676398831117,-7.5,-261.8518518518521,,001,2,practice,0,high,0.8,3,
1.850138041889295,193,-48.0,-334.0,-425.0,150.0,60.751191836941786,148.50017517896012,-7.5,-261.8518518518521,,001,2,practice,0,high,0.8,3,
1.8650537920184433,194,-71.0,-352.0,-425.0,150.0,47.471111293649315,146.12723542956425,-11.09375,-265.1851851851854,,001,2,practice,0,high,0.8,3,
1.8685191669501364,195,-80.0,-363.0,-425.0,150.0,35.11924901838993,142.95916151342732,-12.5,-267.2222222222224,,001,2,practice,0,high,0.8,3,
1.881732749985531,196,-80.0,-363.0,-425.0,150.0,25.237759198182417,140.42470238051777,-12.5,-267.2222222222224,,001,2,practice,0,high,0.8,3,
1.8858041248749942,197,-88.0,-379.0,-425.0,150.0,25.0,136.4274898975349,-13.75,-270.1851851851854,,001,2,practice,0,high,0.8,3,
1.8982932078652084,198,-88.0,-379.0,-425.0,150.0,25.0,133.2297199111486,-13.75,-270.1851851851854,,001,2,practice,0,high,0.8,3,
1.9021049169823527,199,-89.0,-391.0,-425.0,150.0,25.0,129.13666021437868,-13.90625,-272.4074074074076,,001,2,practice,0,high,0.8,3,
1.9176427500788122,200,-89.0,-391.0,-425.0,150.0,25.0,125.86221245696274,-13.90625,-272.4074074074076,,001,2,practice,0,high,0.8,3,
1.9318220000714064,201,-85.0,-414.0,-425.0,150.0,25.0,120.28091489549743,-13.28125,-276.66666666666686,,001,2,practice,0,high,0.8,3,
1.9355537078808993,202,-76.0,-433.0,-425.0,150.0,25.0,113.41685186237977,-11.875,-280.1851851851854,,001,2,practice,0,high,0.8,3,
1.9493693329859525,203,-76.0,-433.0,-425.0,150.0,25.0,107.92560143588565,-11.875,-280.1851851851854,,001,2,practice,0,high,0.8,3,
1.953626458067447,204,-52.0,-463.0,-425.0,150.0,26.409234976663807,100.00085167124466,-8.125,-285.74074074074093,,001,2,practice,0,high,0.8,3,
1.965775249991566,205,-52.0,-463.0,-425.0,150.0,27.53662295799485,93.66105185953187,-8.125,-285.74074074074093,,001,2,practice,0,high,0.8,3,
1.9697657919023186,206,-19.0,-492.0,-425.0,150.0,32.76011633218582,85.42211283277923,-2.96875,-291.1111111111113,,001,2,practice,0,high,0.8,3,
1.9846548750065267,207,-19.0,-492.0,-425.0,150.0,36.93891103153859,78.83096161137712,-2.96875,-291.1111111111113,,001,2,practice,0,high,0.8,3,
2.0009784169960767,208,12.0,-512.0,-425.0,150.0,44.46302949888117,71.61139128431545,1.875,-294.814814814815,,001,2,practice,0,high,0.8,3,
2.0158077080268413,209,80.0,-540.0,-425.0,150.0,59.90721862145956,63.91219107422799,12.5,-300.00000000000017,,001,2,practice,0,high,0.8,3,
2.0198977498803288,210,119.0,-540.0,-425.0,150.0,77.78881350174954,59.13996888634898,18.59375,-300.00000000000017,,001,2,practice,0,high,0.8,3,
2.031775916926563,211,119.0,-540.0,-425.0,150.0,92.09408940598153,55.322191136045774,18.59375,-300.00000000000017,,001,2,practice,0,high,0.8,3,
2.035475666867569,212,156.0,-540.0,-425.0,150.0,108.84142319981362,53.613275784126685,24.375,-300.00000000000017,,001,2,practice,0,high,0.8,3,
2.05139174987562,213,156.0,-540.0,-425.0,150.0,122.23929023487929,52.246143502591416,24.375,-300.00000000000017,,001,2,practice,0,high,0.8,3,
2.0658344170078635,214,194.0,-540.0,-425.0,150.0,138.42181444363212,52.5421239809063,30.3125,-300.00000000000017,,001,2,practice,0,high,0.8,3,
2.070144583005458,215,221.0,-540.0,-425.0,150.0,155.25426248394484,53.76805744467423,34.53125,-300.00000000000017,,001,2,practice,0,high,0.8,3,
2.0819061670918018,216,221.0,-540.0,-425.0,150.0,168.72022091619502,54.74880421568857,34.53125,-300.00000000000017,,001,2,practice,0,high,0.8,3,
2.0859892079606652,217,253.0,-540.0,-425.0,150.0,184.12255594225374,56.715720002598175,39.53125,-300.00000000000017,,001,2,practice,0,high,0.8,3,
2.098530791932717,218,253.0,-540.0,-425.0,150.0,196.44442396310072,58.28925263212586,39.53125,-300.00000000000017,,001,2,practice,0,high,0.8,3,
2.102677916875109,219,288.0,-540.0,-425.0,150.0,211.38031920359,60.84728399258761,45.0,-300.00000000000017,,001,2,practice,0,high,0.8,3,
2.117765957955271,220,288.0,-540.0,-425.0,150.0,223.32903539598144,62.89370908095702,45.0,-300.00000000000017,,001,2,practice,0,high,0.8,3,
2.134766082977876,221,325.0,-539.0,-425.0,150.0,238.26368155028283,66.06769639634761,50.78125,-299.814814814815,,001,2,practice,0,high,0.8,3,
2.151124791940674,222,356.0,-535.0,-425.0,150.0,254.70059340845017,70.40513604490984,55.625,-299.07407407407425,,001,2,practice,0,high,0.8,3,
2.1671716668643057,223,383.0,-529.0,-425.0,150.0,271.7533349527592,75.85992326822652,59.84375,-297.96296296296316,,001,2,practice,0,high,0.8,3,
2.1847915418911725,224,397.0,-524.0,-425.0,150.0,287.4122156405151,81.57487146069276,62.03125,-297.03703703703724,,001,2,practice,0,high,0.8,3,
2.201408375054598,225,406.0,-520.0,-425.0,150.0,301.2355245266232,87.15360352377867,63.4375,-296.2962962962965,,001,2,practice,0,high,0.8,3,
2.2167236250825226,226,413.0,-516.0,-425.0,150.0,313.3038485154013,92.55962186088294,64.53125,-295.5555555555557,,001,2,practice,0,high,0.8,3,
2.2340101250447333,227,417.0,-512.0,-425.0,150.0,323.527265554876,97.73920281247031,65.15625,-294.81481481481495,,001,2,practice,0,high,0.8,3,
2.249865625053644,228,419.0,-509.0,-425.0,150.0,331.9850532284474,102.50115505879496,65.46875,-294.2592592592594,,001,2,practice,0,high,0.8,3,
2.2651315829716623,229,419.0,-507.0,-425.0,150.0,338.7327738852113,106.70854615029222,65.46875,-293.888888888889,,001,2,practice,0,high,0.8,3,
2.2688643750734627,230,416.0,-499.0,-425.0,150.0,343.5841269051889,111.68962259418585,65.0,-292.40740740740756,,001,2,practice,0,high,0.8,3,
2.2816570419818163,231,416.0,-499.0,-425.0,150.0,347.46520932117096,115.67448374930075,65.0,-292.40740740740756,,001,2,practice,0,high,0.8,3,
2.2853344168979675,232,406.0,-484.0,-425.0,150.0,348.878132427483,121.97759747487822,63.4375,-289.6296296296298,,001,2,practice,0,high,0.8,3,
2.298286249861121,233,406.0,-484.0,-425.0,150.0,350.0084709125327,127.0200884553402,63.4375,-289.6296296296298,,001,2,practice,0,high,0.8,3,
2.302068291930482,234,385.0,-469.0,-425.0,150.0,347.4208463290956,134.47789939298846,60.15625,-286.851851851852,,001,2,practice,0,high,0.8,3,
2.3179940830450505,235,385.0,-469.0,-425.0,150.0,345.3507466623459,140.44414814310707,60.15625,-286.851851851852,,001,2,practice,0,high,0.8,3,
2.332257791887969,236,347.0,-444.0,-425.0,150.0,337.36256183604655,150.0,54.21875,-282.2222222222224,,001,2,practice,0,high,0.8,3,
2.336299292044714,237,304.0,-416.0,-425.0,150.0,323.79200421499877,150.0,47.5,-277.03703703703724,,001,2,practice,0,high,0.8,3,
2.3483302919194102,238,304.0,-416.0,-425.0,150.0,312.93555811816054,150.0,47.5,-277.03703703703724,,001,2,practice,0,high,0.8,3,
2.3523737920913845,239,239.0,-370.0,-425.0,150.0,293.31387083062805,150.0,37.34375,-268.5185185185187,,001,2,practice,0,high,0.8,3,
2.3649182920344174,240,239.0,-370.0,-425.0,150.0,277.61652100060206,150.0,37.34375,-268.5185185185187,,001,2,practice,0,high,0.8,3,
2.3686935829464346,241,185.0,-329.0,-425.0,150.0,255.91750810496617,150.0,28.90625,-260.9259259259261,,001,2,practice,0,high,0.8,3,
2.3838070419151336,242,185.0,-329.0,-425.0,150.0,238.55829778845745,150.0,28.90625,-260.9259259259261,,001,2,practice,0,high,0.8,3,
2.406545874895528,243,138.0,-282.0,-425.0,150.0,216.56350695530347,150.0,21.5625,-252.2222222222224,,001,2,practice,0,high,0.8,3,
2.415193208027631,244,103.0,-238.0,-425.0,150.0,192.8142047240533,150.0,16.09375,-244.07407407407425,,001,2,practice,0,high,0.8,3,
2.419405166991055,245,89.0,-212.0,-425.0,150.0,171.24374806873232,150.0,13.90625,-239.25925925925944,,001,2,practice,0,high,0.8,3,
2.431805291911587,246,89.0,-212.0,-425.0,150.0,153.98738274447552,150.0,13.90625,-239.25925925925944,,001,2,practice,0,high,0.8,3,
2.435874833026901,247,75.0,-178.0,-425.0,150.0,137.63377560189352,150.0,11.71875,-232.96296296296313,,001,2,practice,0,high,0.8,3,
2.4507027079816908,248,75.0,-178.0,-425.0,150.0,124.5508898878279,150.0,11.71875,-232.96296296296313,,001,2,practice,0,high,0.8,3,
2.4657894170377403,249,71.0,-159.0,-425.0,150.0,113.20728791343402,150.0,11.09375,-229.44444444444463,,001,2,practice,0,high,0.8,3,
2.4701372920535505,250,65.0,-127.0,-425.0,150.0,102.69962658135644,150.0,10.15625,-223.5185185185187,,001,2,practice,0,high,0.8,3,
2.4817795420531183,251,65.0,-127.0,-425.0,150.0,94.29349751569438,150.0,10.15625,-223.5185185185187,,001,2,practice,0,high,0.8,3,
2.4855029999744147,252,61.0,-98.0,-425.0,150.0,86.39977407493897,150.0,9.53125,-218.14814814814832,,001,2,practice,0,high,0.8,3,
2.4983814998995513,253,61.0,-98.0,-425.0,150.0,80.08479532233464,150.0,9.53125,-218.14814814814832,,001,2,practice,0,high,0.8,3,
2.5025139169301838,254,60.0,-80.0,-425.0,150.0,74.52576743766534,150.0,9.375,-214.81481481481498,,001,2,practice,0,high,0.8,3,
2.5172764998860657,255,60.0,-80.0,-425.0,150.0,70.07854512992989,150.0,9.375,-214.81481481481498,,001,2,practice,0,high,0.8,3,
2.531737082870677,256,60.0,-65.0,-425.0,150.0,66.23057780993302,150.0,9.375,-212.0370370370372,,001,2,practice,0,high,0.8,3,
2.5359367500059307,257,62.0,-56.0,-425.0,150.0,63.298385453091484,150.0,9.6875,-210.37037037037055,,001,2,practice,0,high,0.8,3,
2.548310667043552,258,62.0,-56.0,-425.0,150.0,60.952631567618255,150.0,9.6875,-210.37037037037055,,001,2,practice,0,high,0.8,3,
2.5519686250481755,259,68.0,-46.0,-425.0,150.0,59.816437652851285,150.0,10.625,-208.5185185185187,,001,2,practice,0,high,0.8,3,
2.564953666878864,260,68.0,-46.0,-425.0,150.0,58.90748252103771,150.0,10.625,-208.5185185185187,,001,2,practice,0,high,0.8,3,
2.5684930419083685,261,72.0,-39.0,-425.0,150.0,58.66744229802684,150.0,11.25,-207.2222222222224,,001,2,practice,0,high,0.8,3,
2.584476958028972,262,72.0,-39.0,-425.0,150.0,58.47541011961815,150.0,11.25,-207.2222222222224,,001,2,practice,0,high,0.8,3,
2.5983287498820573,263,78.0,-34.0,-425.0,150.0,59.13291300584855,150.0,12.1875,-206.29629629629648,,001,2,practice,0,high,0.8,3,
2.601717707933858,264,82.0,-30.0,-425.0,150.0,60.19262443793429,150.0,12.8125,-205.55555555555574,,001,2,practice,0,high,0.8,3,
2.615465542068705,265,82.0,-30.0,-425.0,150.0,61.040393583602885,150.0,12.8125,-205.55555555555574,,001,2,practice,0,high,0.8,3,
2.6195548749528825,266,85.0,-29.0,-425.0,150.0,62.139547985942315,150.0,13.28125,-205.37037037037055,,001,2,practice,0,high,0.8,3,
2.6316161670256406,267,85.0,-29.0,-425.0,150.0,63.018871507813856,150.0,13.28125,-205.37037037037055,,001,2,practice,0,high,0.8,3,
2.6354624580126256,268,90.0,-26.0,-425.0,150.0,64.41393732687011,150.0,14.0625,-204.814814814815,,001,2,practice,0,high,0.8,3,
2.6497423748951405,269,90.0,-26.0,-425.0,150.0,65.52998998211513,150.0,14.0625,-204.814814814815,,001,2,practice,0,high,0.8,3,
2.6656070000026375,270,96.0,-24.0,-425.0,150.0,67.25679694247958,150.0,15.0,-204.44444444444463,,001,2,practice,0,high,0.8,3,
2.6694155829027295,271,101.0,-21.0,-425.0,150.0,69.31837181485966,150.0,15.78125,-203.88888888888908,,001,2,practice,0,high,0.8,3,
2.6816961669828743,272,101.0,-21.0,-425.0,150.0,70.96763171276372,150.0,15.78125,-203.88888888888908,,001,2,practice,0,high,0.8,3,
2.685737832915038,273,105.0,-19.0,-425.0,150.0,72.82784481318373,150.0,16.40625,-203.5185185185187,,001,2,practice,0,high,0.8,3,
2.69826849992387,274,105.0,-19.0,-425.0,150.0,74.31601529351974,150.0,16.40625,-203.5185185185187,,001,2,practice,0,high,0.8,3,
2.701977582881227,275,109.0,-17.0,-425.0,150.0,76.04807196200623,150.0,17.03125,-203.14814814814832,,001,2,practice,0,high,0.8,3,
2.7173172920010984,276,109.0,-17.0,-425.0,150.0,77.43371729679544,150.0,17.03125,-203.14814814814832,,001,2,practice,0,high,0.8,3,
2.7316737498622388,277,120.0,-12.0,-425.0,150.0,80.03268926308273,150.0,18.75,-202.2222222222224,,001,2,practice,0,high,0.8,3,
2.7353562919888645,278,129.0,-8.0,-425.0,150.0,83.32870277245615,150.0,20.15625,-201.48148148148167,,001,2,practice,0,high,0.8,3,
2.7483485830016434,279,129.0,-8.0,-425.0,150.0,85.96551357995489,150.0,20.15625,-201.48148148148167,,001,2,practice,0,high,0.8,3,
2.7524423750583082,280,148.0,-4.0,-425.0,150.0,90.64099817968943,150.0,23.125,-200.74074074074093,,001,2,practice,0,high,0.8,3,
2.7648997919168323,281,148.0,-4.0,-425.0,150.0,94.38138585947706,150.0,23.125,-200.74074074074093,,001,2,practice,0,high,0.8,3,
2.7686083749867976,282,165.0,1.0,-425.0,150.0,99.62598100029606,150.0,25.78125,-200.0,,001,2,practice,0,high,0.8,3,
2.7837239580694586,283,165.0,1.0,-425.0,150.0,103.82165711295126,150.0,25.78125,-200.0,,001,2,practice,0,high,0.8,3,
2.7988599168602377,284,184.0,5.0,-425.0,150.0,109.67742383041562,150.0,28.75,-200.0,,001,2,practice,0,high,0.8,3,
2.8029329169075936,285,215.0,9.0,-425.0,150.0,118.43585214889183,150.0,33.59375,-200.0,,001,2,practice,0,high,0.8,3,
2.8156418749131262,286,215.0,9.0,-425.0,150.0,125.44259480367279,150.0,33.59375,-200.0,,001,2,practice,0,high,0.8,3,
2.8194271670654416,287,251.0,14.0,-425.0,150.0,135.73067449029423,150.0,39.21875,-200.0,,001,2,practice,0,high,0.8,3,
2.8316259579733014,288,251.0,14.0,-425.0,150.0,143.96113823959138,150.0,39.21875,-200.0,,001,2,practice,0,high,0.8,3,
2.835786333074793,289,284.0,17.0,-425.0,150.0,154.81320102698112,150.0,44.375,-200.0,,001,2,practice,0,high,0.8,3,
2.8506998328957707,290,284.0,17.0,-425.0,150.0,163.4948512568929,150.0,44.375,-200.0,,001,2,practice,0,high,0.8,3,
2.867496541934088,291,306.0,20.0,-425.0,150.0,173.27120422301326,150.0,47.8125,-200.0,,001,2,practice,0,high,0.8,3,
2.881637250073254,292,326.0,22.0,-425.0,150.0,183.66074754624407,150.0,50.9375,-200.0,,001,2,practice,0,high,0.8,3,
2.885233832988888,293,337.0,24.0,-425.0,150.0,193.37751286320594,150.0,52.65625,-200.0,,001,2,practice,0,high,0.8,3,
2.8982969170901924,294,337.0,24.0,-425.0,150.0,201.15092511677543,150.0,52.65625,-200.0,,001,2,practice,0,high,0.8,3,
2.9021355828735977,295,342.0,24.0,-425.0,150.0,208.00729199441474,150.0,53.4375,-200.0,,001,2,practice,0,high,0.8,3,
2.917404083069414,296,342.0,24.0,-425.0,150.0,213.4923854965262,150.0,53.4375,-200.0,,001,2,practice,0,high,0.8,3,
2.934106499888003,297,355.0,25.0,-425.0,150.0,219.53336371787242,150.0,55.46875,-200.0,,001,2,practice,0,high,0.8,3,
2.948907749960199,298,364.0,25.0,-425.0,150.0,225.51085695725408,150.0,56.875,-200.0,,001,2,practice,0,high,0.8,3,
2.952900958014652,299,373.0,26.0,-425.0,150.0,231.43416214244314,150.0,58.28125,-200.0,,001,2,practice,0,high,0.8,3,
2.9649650000501424,300,373.0,26.0,-425.0,150.0,236.1728062905944,150.0,58.28125,-200.0,,001,2,practice,0,high,0.8,3,
2.968674249947071,301,377.0,27.0,-425.0,150.0,240.46758577102608,150.0,58.90625,-200.0,,001,2,practice,0,high,0.8,3,
2.98417375003919,302,377.0,27.0,-425.0,150.0,243.90340935537142,150.0,58.90625,-200.0,,001,2,practice,0,high,0.8,3,
2.9989561669062823,303,382.0,27.0,-425.0,150.0,247.2881495759919,150.0,59.6875,-200.0,,001,2,practice,0,high,0.8,3,
