frame,x,y,donor
0,-104.8007813,-65.47265625,988
1,-104.8007813,-54.23046875,988
2,-104.8007813,-30.6484375,988
3,-104.8007813,18.16796875,988
4,-104.8007813,65.90234375,988
5,-104.8007813,119.6210938,988
6,-102.8515625,153.71875,988
7,-84.36328125,205.578125,988
8,-67.15625,225.0859375,988
9,-46.13671875,237.1914063,988
10,-18.7109375,241.8710938,988
11,21.4140625,241.8710938,988
12,55.75,241.8710938,988
13,81.6875,232.3476563,988
14,115.8359375,215.9804688,988
15,146.2109375,197.4882813,988
16,182.9492188,165.9453125,988
17,199.703125,143.3671875,988
18,208.8789063,119.2734375,988
19,214.4414063,96.046875,988
20,215.5859375,68.62109375,988
21,214.6953125,39.08984375,988
22,194.6289063,0.82421875,988
23,166.46875,-28.73828125,988
24,123.7382813,-58.8046875,988
25,64.2265625,-91.234375,988
26,4.27734375,-117.5117188,988
27,-68,-136.9023438,988
28,-115.7539063,-143.0546875,988
29,-160.6132813,-144.546875,988
30,-192.59375,-142.078125,988
31,-218.8789063,-130.2539063,988
32,-239.5390625,-114.0117188,988
33,-255.0859375,-96.34375,988
34,-263.4960938,-76.328125,988
35,-265.7929688,-26.46484375,988
36,-258.390625,-5.77734375,988
37,-231.3828125,29.94921875,988
38,-196.4648438,55.99609375,988
39,-151.9804688,81.32421875,988
40,-99.8515625,100.7539063,988
41,-36.5703125,114.8242188,988
42,26.7109375,116.5859375,988
43,68.95703125,116.5859375,988
44,108.3789063,105.3242188,988
45,138.7539063,88.15625,988
46,166.828125,63.609375,988
47,178.4921875,45.578125,988
48,183.7734375,24.4296875,988
49,184.9179688,-2.99609375,988
50,184.9179688,-43.12109375,988
51,168.453125,-78.58984375,988
52,142.8398438,-117.6679688,988
53,104.6757813,-152.484375,988
54,33.640625,-191.0742188,988
55,1.99609375,-201.6210938,988
56,-99.796875,-219.8125,988
57,-173.5546875,-221.65625,988
58,-240.2734375,-216.3789063,988
59,-298.5546875,-199.1445313,988
60,-334.4882813,-186.984375,988
61,-371.2734375,-168.7617188,988
62,-397.1953125,-152.7148438,988
63,-412.5078125,-138.4609375,988
64,-420.3085938,-121.8867188,988
65,-422.078125,-95.4296875,988
66,-417.8359375,-76.046875,988
67,-393.2773438,-45.5,988
68,-358.359375,-19.37109375,988
69,-315.1875,3.671875,988
70,-255.2460938,28.28515625,988
71,-191.9648438,47.62890625,988
72,-122.109375,64.171875,988
73,-55.3984375,74.98828125,988
74,39.703125,74.98828125,988
75,94.79296875,66.90234375,988
76,125.2695313,52.6328125,988
77,158.0976563,32.2109375,988
78,184.6875,9.671875,988
79,201.8945313,-9.828125,988
80,212.6992188,-24.53125,988
81,221.1210938,-38.546875,988
82,226.4492188,-52.7578125,988
83,230.2578125,-77.40234375,988
84,230.2578125,-93.27734375,988
85,221.3710938,-104.8242188,988
86,202.2734375,-115.4296875,988
87,165.3867188,-123.6992188,988
88,120.3476563,-126.6875,988
89,63.55859375,-128.3554688,988
90,0.08984375,-131.8671875,988
91,-66.0390625,-142.6992188,988
92,-139.796875,-159.75,988
93,-241.5898438,-186.9921875,988
94,-304.8789063,-202.8125,988
95,-339.9335938,-209.5898438,988
96,-379.5351563,-216.7148438,988
97,-409.3320313,-220.5,988
98,-424.2460938,-221.5585938,988
99,-436.9765625,-221.5585938,988
100,-446.9023438,-221.5585938,988
101,-452.25,-221.5585938,988
102,-458.0078125,-220.0039063,988
103,-460.7734375,-219.0820313,988
104,-464.34375,-217.5273438,988
105,-467.9140625,-216.5195313,988
106,-472.2890625,-215.9726563,988
107,-475.0546875,-215.5117188,988
108,-477.1914063,-215.5117188,988
109,-478.2382813,-214.8398438,988
110,-478.8242188,-214.2539063,988
111,-479.1171875,-213.375,988
112,-479.1171875,-212.7890625,988
113,-479.1171875,-211.7421875,988
114,-473.7773438,-209.3828125,988
115,-463.859375,-206.3398438,988
116,-436.4335938,-197.9570313,988
117,-397.0117188,-188.0976563,988
118,-343.3007813,-176.6640625,988
119,-273.1601563,-165.5859375,988
120,-195.8007813,-153.9765625,988
121,-72.18359375,-141.921875,988
122,-2.04296875,-140.0742188,988
123,38.96875,-140.0742188,988
124,78.5625,-140.0742188,988
125,100.03125,-143.4296875,988
126,122.8828125,-148.90625,988
127,134.1171875,-151.3085938,988
128,141.5742188,-154.0039063,988
129,145.9414063,-155.0898438,988
130,149.5039063,-156.0898438,988
131,153.0117188,-157.3789063,988
132,155.140625,-158.2109375,988
133,156.640625,-158.5859375,988
134,158.140625,-158.5859375,988
135,158.71875,-158.5859375,988
136,159.296875,-158.5859375,988
137,159.875,-158.5859375,988
138,159.875,-158.5859375,988
139,159.875,-158.5859375,988
140,159.875,-158.3632813,988
141,159.875,-157.8164063,988
142,160.1640625,-157.5234375,988
143,160.4140625,-156.9765625,988
144,160.703125,-156.6835938,988
145,160.703125,-156.390625,988
146,160.703125,-156.1523438,988
147,160.703125,-155.859375,988
148,160.703125,-155.6054688,988
149,160.703125,-155.3515625,988
150,160.703125,-154.8203125,988
151,160.9921875,-154.234375,988
152,160.9921875,-152.7265625,988
153,160.9921875,-150.5898438,988
154,160.9921875,-146.2148438,988
155,157.6601563,-138.75,988
156,152.5546875,-130.7734375,988
157,147.53125,-122.8828125,988
158,139.5,-113.25,988
159,123.328125,-96.27734375,988
160,108.015625,-82.0234375,988
161,92.703125,-67.76953125,988
162,77.1015625,-58.01953125,988
163,61.21875,-50.5625,988
164,47,-45.2265625,988
165,34.26953125,-40.1484375,988
166,21.55859375,-34.2109375,988
167,12.4375,-28.84765625,988
168,2.8125,-21.625,988
169,-13.04296875,-10.7578125,988
170,-24.08203125,-3.9921875,988
171,-31.0859375,0.3125,988
172,-44.1640625,6.3671875,988
173,-53.4609375,10.46875,988
174,-63.38671875,12.7109375,988
175,-74.62890625,14.3203125,988
176,-85.87109375,15.9296875,988
177,-94.65234375,16.5625,988
178,-108.8828125,18,988
179,-114.2304688,19.8125,988
180,-141.3710938,-17.0078125,988
181,-131.4570313,-32.7734375,988
182,-119.2734375,-53.79296875,988
183,-104.359375,-75.58984375,988
184,-85.8515625,-99.03515625,988
185,-67.94921875,-120.4648438,988
186,-50.2890625,-137.0664063,988
187,-34.0078125,-149.3632813,988
188,-11.9140625,-160.3671875,988
189,3.9609375,-163.203125,988
190,21.5,-165.1484375,988
191,42.890625,-165.1484375,988
192,77.40625,-158.8007813,988
193,99.31640625,-151.1953125,988
194,129.96875,-139.6523438,988
195,159.390625,-126.875,988
196,188.8125,-112.8632813,988
197,226.1992188,-89.9296875,988
198,243.859375,-73.3203125,988
199,254.4648438,-53.16015625,988
200,263.1679688,-15.921875,988
201,263.1679688,20.96484375,988
202,246.1953125,67.13671875,988
203,218.578125,107.2382813,988
204,195.1367188,131.5507813,988
205,165.1171875,154.7929688,988
206,122.5429688,172.7421875,988
207,65.94140625,179.6132813,988
208,21.08203125,179.6132813,988
209,-29.56640625,166.9570313,988
210,-83.01171875,145.25,988
211,-130.2226563,119.2304688,988
212,-172.8632813,89.22265625,988
213,-193.7695313,68.32421875,988
214,-215.5351563,42.77734375,988
215,-236.1992188,-5.41015625,988
216,-236.1992188,-5.41015625,988
217,-237.3476563,-43.2734375,988
218,-237.3476563,-68.515625,988
219,-228,-92.6953125,988
220,-211.2460938,-115.2734375,988
221,-189.7304688,-134.3203125,988
222,-162.8632813,-152.203125,988
223,-119.5117188,-175.6796875,988
224,-93.57421875,-185.203125,988
225,-59.23828125,-198.40625,988
226,-12.4609375,-213.5546875,988
227,13.80859375,-224.3242188,988
228,28.1953125,-229.8242188,988
229,40.91796875,-234.0898438,988
230,49.51953125,-236.9570313,988
231,54.859375,-239.3085938,988
232,58.421875,-240.7695313,988
233,59.62890625,-242.8984375,988
234,60.2578125,-249.2109375,988
235,54.578125,-268.2421875,988
236,30.34375,-290.0859375,988
237,-6.44140625,-306.9765625,988
238,-60.515625,-319.9882813,988
239,-130.6640625,-325.5234375,988
240,-200.8125,-325.5234375,988
241,-267.53125,-318.4882813,988
242,-299.0742188,-305.2695313,988
243,-331.9101563,-284.8398438,988
244,-352.8945313,-263.8554688,988
245,-373.4296875,-216.3710938,988
246,-380.2109375,-179.484375,988
247,-381.6210938,-140.0546875,988
248,-381.6210938,-92.30078125,988
249,-381.6210938,-59.26171875,988
250,-378.9804688,-22.375,988
251,-370.0859375,9.60546875,988
252,-358.5507813,40.265625,988
253,-341.9023438,68.375,988
254,-314.2851563,104.6210938,988
255,-278.0664063,133.4492188,988
256,-225.7578125,160.8828125,988
257,-178.0117188,174.6914063,988
258,-124.3007813,182.7851563,988
259,-61.01953125,184.546875,988
260,-4.23828125,184.546875,988
261,54.03515625,168.9921875,988
262,105.8046875,143.9453125,988
263,154.234375,113.8867188,988
264,209.6171875,58.50390625,988
265,228.1015625,25.74609375,988
266,250.4453125,-23.28125,988
267,258.8867188,-62.703125,988
268,260.2929688,-99.58203125,988
269,257.125,-139.7070313,988
270,236.609375,-172.4492188,988
271,208.4453125,-202.0117188,988
272,165.7148438,-232.078125,988
273,113.9375,-260.46875,988
274,22.34375,-297.2929688,988
275,-44.375,-313.5507813,988
276,-111.09375,-320.6679688,988
277,-152.1132813,-322.3359375,988
278,-196.9726563,-316.3515625,988
279,-229.9960938,-301.8203125,988
280,-255.6328125,-282.6992188,988
281,-274.1484375,-258.0117188,988
282,-290.34375,-217.7109375,988
283,-294.5703125,-155.8515625,988
284,-294.5703125,-124.6484375,988
285,-285.15625,-87.76171875,988
286,-258.3320313,-43.78125,988
287,-225.671875,-13.9296875,988
288,-185.3085938,8.50390625,988
289,-140.4570313,23.45703125,988
290,-83.49609375,29.96875,988
291,-23.46484375,29.96875,988
292,63.19921875,14.4140625,988
293,119.8007813,-13.0078125,988
294,165.75,-43.63671875,988
295,189.71875,-65.140625,988
296,212.171875,-92.875,988
297,224.9414063,-122.296875,988
298,228.4648438,-149.7226563,988
299,228.4648438,-174.9648438,988
300,216.3789063,-199.9257813,988
301,185.484375,-227.4726563,988
302,116.53125,-248.5742188,988
303,46.3828125,-254.109375,988
304,-7.109375,-256.0429688,988
305,-63.8984375,-256.0429688,988
306,-106.0429688,-251.8164063,988
307,-133.4765625,-243.5234375,988
308,-149.765625,-232.28125,988
309,-157.765625,-218.9492188,988
310,-162.5585938,-201.2304688,988
311,-163.7070313,-150.65625,988
312,-155.7851563,-117.6328125,988
313,-133.0859375,-83.8359375,988
314,-101.0664063,-53.39453125,988
315,-64.82421875,-30.078125,988
316,-36.34375,-20.109375,988
317,-4.37109375,-12.35546875,988
318,23.0546875,-9.88671875,988
319,46.28125,-9.88671875,988
320,69.5078125,-9.88671875,988
321,88.8828125,-16.96484375,988
322,116.7460938,-32.52734375,988
323,129.1835938,-41.41015625,988
324,135.71875,-47.9453125,988
325,141.1914063,-53.3359375,988
326,143.578125,-55.72265625,988
327,144.15625,-56.30078125,988
328,144.15625,-56.87890625,988
329,144.15625,-56.87890625,988
330,144.15625,-56.87890625,988
331,144.15625,-56.87890625,988
332,144.15625,-56.87890625,988
333,144.15625,-56.87890625,988
334,143.4726563,-56.87890625,988
335,136.9804688,-56.87890625,988
336,125.5664063,-52.94921875,988
337,93.86328125,-39.73828125,988
338,57.078125,-22.83984375,988
339,15.2109375,-1.90234375,988
340,-32,25.70703125,988
341,-70.59765625,55.23046875,988
342,-88.59375,77.81640625,988
343,-98.86328125,96.140625,988
344,-100.640625,106.4101563,988
345,-101.53125,117.8242188,988
346,-101.53125,124.1445313,988
347,-101.53125,128.5195313,988
348,-101.53125,130.0273438,988
349,-101.53125,131.5351563,988
350,-101.53125,132.1210938,988
351,-101.53125,132.1210938,988
352,-101.53125,132.1210938,988
353,-101.3125,132.1210938,988
354,-100.1054688,130.7421875,988
355,-95.0078125,123.40625,988
356,-83.57421875,100.5351563,988
357,-70.8046875,71.11328125,988
358,-56.29296875,28.9765625,988
359,-33.35546875,-53.125,988
360,-134.5429688,-0.484375,988
361,-136.4414063,5.8359375,988
362,-141.4960938,10.890625,988
363,-155.8632813,20.2109375,988
364,-175.2460938,25.26171875,988
365,-198.4804688,26.32421875,988
366,-240.9765625,26.32421875,988
367,-278.7460938,14.7890625,988
368,-303.8007813,1.73828125,988
369,-320.1757813,-11.4453125,988
370,-332.3046875,-27.8125,988
371,-339.5625,-46.12890625,988
372,-341.6875,-65.50390625,988
373,-341.6875,-84.87890625,988
374,-337.7890625,-100.7539063,988
375,-326.125,-119.8476563,988
376,-282.9921875,-156.4648438,988
377,-245.2578125,-176.8710938,988
378,-193.1289063,-193.0429688,988
379,-136.3476563,-203.0585938,988
380,-76.31640625,-204.8164063,988
381,-13.03515625,-204.8164063,988
382,43.74609375,-191.453125,988
383,100.3476563,-169.2109375,988
384,133.6328125,-151.765625,988
385,168.5507813,-127.1289063,988
386,194.5703125,-94.21484375,988
387,201.4492188,-68.96484375,988
388,202.59375,-27.9453125,988
389,196.609375,11.65625,988
390,183.390625,43.19921875,988
391,162.265625,78.40234375,988
392,136.9179688,109.3828125,988
393,112.6835938,132.46875,988
394,86.76171875,148.515625,988
395,37.07421875,163.296875,988
396,-14.28515625,165.0585938,988
397,-62.0390625,160.3125,988
398,-109.5234375,138.1640625,988
399,-153.8359375,109.6796875,988
400,-196.125,75.484375,988
401,-217.6367188,51.515625,988
402,-237.4570313,22.4609375,988
403,-247.0742188,-3.734375,988
404,-249.3710938,-26.9609375,988
405,-238.90625,-71.1171875,988
406,-216.3671875,-98.94140625,988
407,-188.2109375,-128.5039063,988
408,-154.7851563,-156.0351563,988
409,-119.5898438,-177.1523438,988
410,-73.9140625,-191.40625,988
411,-26.16796875,-197.4726563,988
412,11.7734375,-200.1992188,988
413,76.66796875,-200.1992188,988
414,127.3085938,-198.6132813,988
415,171.5039063,-180.6484375,988
416,200.9257813,-165.3164063,988
417,220.515625,-148.0117188,988
418,232.8125,-131.7226563,988
419,240.6679688,-108.140625,988
420,240.6679688,-75.70703125,988
421,239.6914063,-52.125,988
422,227.8007813,-19.1015625,988
423,219.3085938,1.9296875,988
424,205.984375,28.03515625,988
425,189.0976563,42.25390625,988
426,163.1523438,50.46484375,988
427,129.0546875,52.05078125,988
428,86.91015625,52.05078125,988
429,33.19140625,50.3828125,988
430,-23.77734375,35.265625,988
431,-83.55078125,12.4140625,988
432,-138.3828125,-13.203125,988
433,-199.8789063,-47.02734375,988
434,-219.3164063,-58.98828125,988
435,-254.8320313,-90.53125,988
436,-268.6054688,-112.328125,988
437,-276.0351563,-133.5390625,988
438,-279.0273438,-170.7695313,988
439,-279.0273438,-194.34375,988
440,-273.296875,-219.5859375,988
441,-257.8632813,-243.484375,988
442,-228.1171875,-272.34375,988
443,-173.1757813,-297.34375,988
444,-122.5351563,-305.2539063,988
445,-65.57421875,-306.8359375,988
446,4.56640625,-306.8359375,988
447,78.31640625,-287.9335938,988
448,148.4570313,-269.4726563,988
449,190.703125,-257.4960938,988
450,236.953125,-240.609375,988
451,267.6953125,-227.8320313,988
452,285.3867188,-216.5,988
453,296.734375,-193.7929688,988
454,297.7070313,-165.3046875,988
455,289.2578125,-132.1914063,988
456,274.4414063,-105.3984375,988
457,253.9257813,-72.6484375,988
458,232.1601563,-48.328125,988
459,208.7070313,-27.34375,988
460,184.8867188,-11.81640625,988
461,161.9335938,0.80859375,988
462,107.4414063,20.44140625,988
463,65.296875,24.75390625,988
464,20.4375,24.75390625,988
465,-30.2109375,16.84375,988
466,-76.109375,-5.30859375,988
467,-106.59375,-22.13671875,988
468,-143.9765625,-47.55078125,988
469,-171.2695313,-74.921875,988
470,-192.4101563,-102.65625,988
471,-211.359375,-146.8828125,988
472,-215.0625,-161.6875,988
473,-216.3867188,-210.828125,988
474,-216.3867188,-242.8007813,988
475,-203.1835938,-275.8164063,988
476,-176.265625,-314.0742188,988
477,-154.5625,-331.1835938,988
478,-108.484375,-355.8007813,988
479,-60.73828125,-364.9453125,988
480,-0.70703125,-366.6132813,988
481,104.5039063,-362.9179688,988
482,174.6445313,-346.3007813,988
483,218.90625,-332.9179688,988
484,262.2617188,-316.46875,988
485,291.6835938,-299.8125,988
486,303.1210938,-290.9179688,988
487,315.3984375,-274.1875,988
488,316.5429688,-250.953125,988
489,311.6054688,-221.3359375,988
490,294.09375,-180.6875,988
491,269.0390625,-127.2421875,988
492,227.2773438,-50.41015625,988
493,208.2460938,-18.703125,988
494,182.8242188,18.6796875,988
495,149.3984375,56.06640625,988
496,119.2890625,79.22265625,988
497,82.29296875,95.95703125,988
498,40.1484375,101.6796875,988
499,7.109375,101.6796875,988
500,-48.08203125,90.59375,988
501,-82.23828125,72.90234375,988
502,-109.9804688,51.76953125,988
503,-134.3007813,28.77734375,988
504,-154.0507813,5.33203125,988
505,-170.1875,-20.66796875,988
506,-179.7148438,-48.09375,988
507,-184.3945313,-75.51953125,988
508,-184.3945313,-105.3085938,988
509,-181.9296875,-134.9179688,988
510,-161.3242188,-180.1875,988
511,-142.2070313,-207.0546875,988
512,-121.2304688,-229.265625,988
513,-97.41796875,-246.0195313,988
514,-62.20703125,-262.3945313,988
515,-27.87109375,-267.6757813,988
516,16.98046875,-269.1679688,988
517,73.94140625,-265.6484375,988
518,137.2226563,-249.8203125,988
519,230.3867188,-219.9257813,988
520,264.7304688,-206.1835938,988
521,298.8789063,-189.8085938,988
522,321.5429688,-173.1328125,988
523,333.234375,-158.5078125,988
524,339.0820313,-140.9609375,988
525,340.4882813,-106.4375,988
526,337.671875,-64.29296875,988
527,323.7734375,-16.5390625,988
528,308.8203125,28.3203125,988
529,297.96875,56.1015625,988
530,275.2304688,99.28125,988
531,257.3203125,121.953125,988
532,235.1015625,141.703125,988
533,201.8242188,160.8125,988
534,164.9375,167.5078125,988
535,111.21875,167.5078125,988
536,46.34765625,149.3164063,988
537,-19.8515625,115.3007813,988
538,-102.1289063,56.32421875,988
539,-131.2734375,27.80078125,988
540,126.2695313,19.30078125,988
541,100.6289063,38.42578125,988
542,76.00390625,50.6015625,988
543,20.34765625,68.01171875,988
544,-27.40625,72.58984375,988
545,-82.50390625,72.58984375,988
546,-140.8671875,72.58984375,988
547,-183.0117188,68.3671875,988
548,-217.3554688,57.8046875,988
549,-244.7890625,48.28515625,988
550,-262.828125,36.62109375,988
551,-275.875,25.359375,988
552,-283.4453125,13.44140625,988
553,-289.9257813,-1.546875,988
554,-292.8554688,-19.0859375,988
555,-293.9179688,-52.91796875,988
556,-290.21875,-80.34375,988
557,-271.4804688,-118.609375,988
558,-246.2890625,-148.8085938,988
559,-224.5976563,-167.0585938,988
560,-181.9453125,-195.203125,988
561,-145.0664063,-208.84375,988
562,-101.2265625,-218.1757813,988
563,-59.08984375,-222.4804688,988
564,-25,-222.4804688,988
565,29.78125,-218.7851563,988
566,94,-197.0078125,988
567,118.6171875,-185.1796875,988
568,148.0390625,-168.5234375,988
569,177.09375,-150.0234375,988
570,195.9023438,-135.6210938,988
571,205.3320313,-125.9257813,988
572,216.9140625,-111.125,988
573,221.3515625,-96.90625,988
574,222.671875,-67.109375,988
575,212.3789063,-10.15625,988
576,190.6640625,43.2890625,988
577,174.890625,73.7734375,988
578,153.0546875,105.203125,988
579,132.0703125,126.1875,988
580,99.0546875,145.8164063,988
581,64.95703125,155.0742188,988
582,22.8125,156.484375,988
583,-30.90625,156.484375,988
584,-158.4257813,99.0234375,988
585,-209.8007813,55.39453125,988
586,-272.4960938,-5.26953125,988
587,-304.53125,-43.28125,988
588,-333.8984375,-88.8125,988
589,-349.6523438,-126.9101563,988
590,-356.9609375,-172.46875,988
591,-356.9609375,-199.2851563,988
592,-349.0390625,-232.3007813,988
593,-332.390625,-260.4023438,988
594,-289.0039063,-299.7421875,988
595,-248.3632813,-317.2460938,988
596,-197.7226563,-328.3203125,988
597,-131.0117188,-335.4375,988
598,-64.30078125,-339.0390625,988
599,2.41015625,-340.796875,988
600,62.44140625,-340.796875,988
601,122.4726563,-330.59375,988
602,159.6328125,-322.65625,988
603,214.03125,-306.4492188,988
604,235.2421875,-297.9570313,988
605,243.6445313,-293.3085938,988
606,255.3359375,-281.0625,988
607,259.515625,-268.3320313,988
608,262.1757813,-254.1132813,988
609,264.0351563,-238.2304688,988
610,265.0078125,-220.6835938,988
611,265.0078125,-197.4492188,988
612,265.0078125,-170.015625,988
613,255.1328125,-125.5898438,988
614,241.5546875,-98.43359375,988
615,224.2734375,-73.74609375,988
616,193.8242188,-46.80859375,988
617,161.9414063,-30.953125,988
618,123.1875,-17.734375,988
619,78.328125,-11.75,988
620,24.609375,-10.1640625,988
621,-32.359375,-11.921875,988
622,-101.25,-35.05859375,988
623,-155.1328125,-59.35546875,988
624,-194.3710938,-79.67578125,988
625,-222.4804688,-96.32421875,988
626,-240.5195313,-109.0507813,988
627,-250.8476563,-115.8125,988
628,-265.546875,-126.609375,988
629,-271.6601563,-131.3671875,988
630,-281.46875,-138.6757813,988
631,-291.0273438,-148.34375,988
632,-298.2539063,-156.1953125,988
633,-303.0117188,-162.9296875,988
634,-306.8007813,-168.609375,988
635,-308.6484375,-171.5429688,988
636,-309.9492188,-173.671875,988
637,-310.2421875,-174.25,988
638,-310.2421875,-174.5390625,988
639,-309.3554688,-174.5390625,988
640,-292.4335938,-174.5390625,988
641,-242.5820313,-166.4335938,988
642,-185.6210938,-156.40625,988
643,-115.4804688,-145.328125,988
644,-34.33203125,-135.3867188,988
645,46.81640625,-129.4023438,988
646,127.9648438,-123.4179688,988
647,198.1054688,-123.4179688,988
648,261.5664063,-123.4179688,988
649,296.6132813,-123.4179688,988
650,338.75,-123.4179688,988
651,370.7226563,-119.625,988
652,402.71875,-111.21875,988
653,416.0429688,-104.109375,988
654,423.3789063,-98.37109375,988
655,431.7734375,-91.484375,988
656,436.8203125,-86.4296875,988
657,441.8671875,-81.375,988
658,445.140625,-78.09375,988
659,447.4375,-75.7890625,988
660,449.7304688,-71.640625,988
661,450.8164063,-67.265625,988
662,450.8164063,-57.33984375,988
663,448.5195313,-37.60546875,988
664,436.5234375,-11.40234375,988
665,425.5625,9.28515625,988
666,410.1210938,33.19140625,988
667,382.8359375,64.52734375,988
668,358.1484375,84.27734375,988
669,324.0820313,103.3320313,988
670,253.71875,123.0390625,988
671,196.9296875,129.7226563,988
672,130.2109375,129.7226563,988
673,70.171875,128.0546875,988
674,11.890625,110.828125,988
675,-35.59375,88.6796875,988
676,-81.1328125,59.3203125,988
677,-123.421875,25.125,988
678,-166.8515625,-11.6171875,988
679,-218.7421875,-63.49609375,988
680,-242.9765625,-89.3046875,988
681,-271.140625,-120.2734375,988
682,-290.890625,-142.484375,988
683,-300.2148438,-154.125,988
684,-310.0820313,-165.7578125,988
685,-315.8242188,-172.921875,988
686,-319.6132813,-177.96875,988
687,-321.4570313,-180.7265625,988
688,-323.5117188,-183.6054688,988
689,-324.1835938,-184.6445313,988
690,-324.1835938,-185.6835938,988
691,-324.5625,-186.7226563,988
692,-324.5625,-187.3007813,988
693,-324.5625,-187.5898438,988
694,-324.328125,-187.5898438,988
695,-322.828125,-187.5898438,988
696,-321.328125,-186.8359375,988
697,-316.9140625,-182.4140625,988
698,-303.5585938,-169.21875,988
699,-280.1132813,-149.46875,988
700,-250.1015625,-127.546875,988
701,-215.265625,-102.8242188,988
702,-185.3164063,-85.28515625,988
703,-147.5820313,-63.4609375,988
704,-98.51171875,-40.765625,988
705,-71.44140625,-29.390625,988
706,-35.97265625,-14.3359375,988
707,-1.63671875,-3.765625,988
708,45.140625,10.16015625,988
709,68.3671875,14.58203125,988
710,87.7421875,18.66015625,988
711,101.953125,21.328125,988
712,110.7265625,22.765625,988
713,120.6445313,22.765625,988
714,128.1015625,22.765625,988
715,133.4414063,22.765625,988
716,137.8085938,22.765625,988
717,141.3710938,22.765625,988
718,145.5078125,22.30859375,988
719,147.6367188,22.30859375,988
720,126.9023438,-3.12890625,988
721,87.47265625,-3.12890625,988
722,36.6484375,-3.12890625,988
723,-20.140625,-3.12890625,988
724,-80.1796875,-3.12890625,988
725,-115.234375,-11.40234375,988
726,-150.8007813,-26.36328125,988
727,-177.6757813,-44.24609375,988
728,-205.0273438,-73.70703125,988
729,-215.296875,-90.9609375,988
730,-220.6328125,-105.171875,988
731,-221.4375,-117.8945313,988
732,-221.4375,-129.1289063,988
733,-216.1953125,-140.9648438,988
734,-202.5546875,-152.6601563,988
735,-181.5351563,-163.6953125,988
736,-142.9921875,-176.8867188,988
737,-103.5703125,-182.5117188,988
738,-33.3984375,-187.078125,988
739,-0.3671875,-187.078125,988
740,41.76953125,-187.078125,988
741,96.55078125,-179.15625,988
742,122.4882813,-170.9453125,988
743,151.9101563,-156.9335938,988
744,178.7773438,-137.8085938,988
745,200.2070313,-119.8984375,988
746,218.7382813,-101.5351563,988
747,232.1796875,-87.0234375,988
748,239.0585938,-79.421875,988
749,243.4726563,-74.3671875,988
750,245.1054688,-69.9921875,988
751,246.4492188,-62.18359375,988
752,247.078125,-53.40234375,988
753,243.8945313,-30.16796875,988
754,229.3632813,1.53515625,988
755,203.1445313,36.37890625,988
756,162.8867188,69.33203125,988
757,110.5703125,96.765625,988
758,80.24609375,103.4609375,988
759,19.1328125,107.3320313,988
760,-34.5859375,107.3320313,988
761,-86.6328125,92.48046875,988
762,-144.6484375,64.35546875,988
763,-183.8867188,36.90625,988
764,-223.453125,3.67578125,988
765,-260.7773438,-40.4140625,988
766,-276.8242188,-66.328125,988
767,-283.5390625,-89.5546875,988
768,-285.6640625,-110.765625,988
769,-285.6640625,-130.140625,988
770,-282.7421875,-147.6796875,988
771,-273,-163.2734375,988
772,-259.8164063,-178.578125,988
773,-243.4492188,-190.7890625,988
774,-218.0390625,-199.9648438,988
775,-177.0273438,-209.5585938,988
776,-117.7226563,-213.6914063,988
777,-69.9765625,-213.6914063,988
778,-16.265625,-213.6914063,988
779,40.515625,-205.3359375,988
780,94.2265625,-192.3203125,988
781,128.3164063,-182.0859375,988
782,163.875,-168.4375,988
783,186.9960938,-154.6640625,988
784,204.8789063,-135.25,988
785,208.7734375,-113.3320313,988
786,208.7734375,-93.59765625,988
787,204.1835938,-66.1640625,988
788,190.171875,-36.734375,988
789,172.890625,-10.8125,988
790,153.8359375,10.7109375,988
791,130.3828125,30.4609375,988
792,104.4609375,45.2734375,988
793,71.9453125,56.72265625,988
794,1.40625,61.734375,988
795,-49.2421875,55.40625,988
796,-99.70703125,34.2265625,988
797,-148.4765625,9.80859375,988
798,-192.96875,-17.18359375,988
799,-220.3671875,-38.85546875,988
800,-247.1210938,-68.41796875,988
801,-266.2460938,-95.28515625,988
802,-276.5742188,-119.3789063,988
803,-280.9960938,-142.6054688,988
804,-280.9960938,-180.46875,988
805,-279.9375,-201.6796875,988
806,-269.3320313,-220.7695313,988
807,-253.7929688,-238.4296875,988
808,-229.7929688,-252.3554688,988
809,-186.5976563,-263.96875,988
810,-138.8515625,-268.5390625,988
811,-85.140625,-268.5390625,988
812,-25.109375,-258.1601563,988
813,59.8828125,-229.234375,988
814,111.6523438,-204.1796875,988
815,141.0664063,-187.34375,988
816,171.4414063,-167.5234375,988
817,187.4375,-151.5195313,988
818,198.2421875,-136.8085938,988
819,203.1132813,-119.2617188,988
820,205.2304688,-97.34375,988
821,205.2304688,-69.91015625,988
822,200.0625,-45.3515625,988
823,187.84375,-28.54296875,988
824,163.7421875,-18.2109375,988
825,131.3085938,-14.15234375,988
826,83.5546875,-14.15234375,988
827,-12.23046875,-21.55078125,988
828,-107.0664063,-49.6953125,988
829,-218.9101563,-94.95703125,988
830,-297.3398438,-132.1835938,988
831,-381.7773438,-174.3945313,988
832,-440.3828125,-199.0273438,988
833,-456.6132813,-203.0078125,988
834,-468.0273438,-205.4960938,988
835,-473.375,-205.4960938,988
836,-474.0078125,-193.5625,988
837,-474.0078125,-170.328125,988
838,-455.3671875,-128.1015625,988
839,-421.96875,-71.84375,988
840,-375.5546875,-9.953125,988
841,-328.7070313,40.59375,988
842,-257.3359375,97.21484375,988
843,-208.4648438,121.484375,988
844,-156.4257813,137.8398438,988
845,-96.39453125,146.3710938,988
846,-29.68359375,146.3710938,988
847,37.02734375,144.6132813,988
848,98.55078125,127.0351563,988
849,151.9882813,103.65625,988
850,197.5195313,74.296875,988
851,255.4492188,17.7734375,988
852,281.5625,-23.8125,988
853,299.6757813,-67.26171875,988
854,307.7773438,-100.2929688,988
855,312.4335938,-155.0742188,988
856,313.9257813,-199.9257813,988
857,311.8007813,-232.9570313,988
858,292.6289063,-289.4140625,988
859,264.9257813,-331,988
860,228.5234375,-367.3945313,988
861,148.53125,-411.515625,988
862,52.74609375,-436.8632813,988
863,-16.125,-444.6875,988
864,-109.0078125,-448.90625,988
865,-168.6523438,-448.90625,988
866,-240.71875,-444.2304688,988
867,-285.7578125,-429.2734375,988
868,-317.640625,-413.4179688,988
869,-337.9296875,-394.3632813,988
870,-349.0625,-372.2773438,988
871,-359.6210938,-304.4570313,988
872,-359.6210938,-250.7382813,988
873,-353.8203125,-176.9804688,988
874,-329.2109375,-105.15625,988
875,-306.3398438,-54.828125,988
876,-279.5273438,-10.3359375,988
877,-255.7539063,16.0859375,988
878,-231.9414063,31.61328125,988
879,-204.515625,39.90625,988
880,-159.921875,42.203125,988
881,-124.4257813,42.203125,988
882,-90.08984375,35.6015625,988
883,-58.39453125,21.078125,988
884,-30.29296875,4.4296875,988
885,-10.421875,-9.96484375,988
886,-2.05078125,-19.30859375,988
887,5.16796875,-28.1328125,988
888,10.75390625,-40.23046875,988
889,13.2421875,-52.953125,988
890,13.2421875,-86.78515625,988
891,13.2421875,-127.796875,988
892,4.44140625,-169.9335938,988
893,-11.0390625,-216.0976563,988
894,-32.2265625,-266.5546875,988
895,-49.04296875,-301.765625,988
896,-71.4765625,-342.1289063,988
897,-92.6171875,-371.1835938,988
898,-113.6875,-393.5664063,988
899,-129.9492188,-410.0742188,988
900,128.6757813,6.640625,988
901,110.3515625,15.84765625,988
902,87.1171875,23.5390625,988
903,47.515625,34.98046875,988
904,8.0859375,39.20703125,988
905,-39.66796875,40.703125,988
906,-99.70703125,40.703125,988
907,-159.7460938,39.03515625,988
908,-216.7148438,25.67578125,988
909,-266.5625,2.609375,988
910,-292.1601563,-17.79296875,988
911,-305.9570313,-35.82421875,988
912,-310.6601563,-51.69921875,988
913,-310.6601563,-67.57421875,988
914,-307.9960938,-81.78515625,988
915,-287.5546875,-105.7539063,988
916,-260.6015625,-126.1054688,988
917,-224,-145.8164063,988
918,-141.5429688,-166.9101563,988
919,-78.08203125,-175.609375,988
920,-7.94140625,-177.453125,988
921,55.33984375,-177.453125,988
922,109.0507813,-164.5273438,988
923,142.3359375,-149.7265625,988
924,177.171875,-125.0039063,988
925,201.8164063,-96.390625,988
926,225.7421875,-55.13671875,988
927,235.0078125,-13.68359375,988
928,237.46875,15.93359375,988
929,237.46875,45.55078125,988
930,232.53125,75.16796875,988
931,219.7539063,104.5976563,988
932,196.1640625,139.4570313,988
933,170.609375,161.2226563,988
934,147.6484375,172.703125,988
935,96.82421875,184.046875,988
936,23.74609375,180.8828125,988
937,-32.86328125,156.8007813,988
938,-90.08984375,114.3476563,988
939,-135.1875,63.8984375,988
940,-173.078125,6.2421875,988
941,-187.1445313,-23.640625,988
942,-202.5429688,-89.97265625,988
943,-202.5429688,-132.109375,988
944,-198.84375,-166.625,988
945,-153.7109375,-212.109375,988
946,-107.4609375,-227.40625,988
947,-14.93359375,-239.8125,988
948,51.21484375,-241.21875,988
949,51.21484375,-241.21875,988
950,234.125,-227.5,988
951,302.4179688,-203.5,988
952,337.6289063,-186.6835938,988
953,358.2890625,-174.2226563,988
954,374.65625,-161.03125,988
955,388.984375,-140.0078125,988
956,390.84375,-124.125,988
957,390.84375,-99.84375,988
958,389.4335938,-54.8046875,988
959,377.8164063,-12.66015625,988
960,367.3085938,13.28515625,988
961,351.2617188,39.20703125,988
962,335.34375,55.125,988
963,308.5507813,69.94140625,988
964,271.6640625,75.31640625,988
965,150.203125,71.2734375,988
966,49.171875,33.0859375,988
967,-62.25390625,-25.1328125,988
968,-131.4101563,-73.8671875,988
969,-210.78125,-139.8515625,988
970,-247.0390625,-178.0351563,988
971,-278.8710938,-217.6875,988
972,-294.2929688,-247.109375,988
973,-300.6640625,-268.3203125,988
974,-300.6640625,-289.8125,988
975,-290.6367188,-300.4726563,988
976,-270.484375,-310.015625,988
977,-228.3476563,-318.8085938,988
978,-183.4960938,-321.7929688,988
979,-135.75,-321.7929688,988
980,-88.00390625,-312.46875,988
981,-37.546875,-291.28125,988
982,12.5546875,-264.5546875,988
983,47.15234375,-244.8242188,988
984,98.0078125,-211.0234375,988
985,124.5976563,-187.2421875,988
986,140.8320313,-165.3476563,988
987,152.3007813,-141.2460938,988
988,158.7304688,-106.1914063,988
989,158.7304688,-82.609375,988
990,154.140625,-55.17578125,988
991,136.859375,-30.48828125,988
992,103.5976563,-2.24609375,988
993,48.14453125,15.453125,988
994,-8.64453125,18.796875,988
995,-107.859375,18.796875,988
996,-172.7617188,3.23828125,988
997,-257.5429688,-31.84765625,988
998,-339.8710938,-80.39453125,988
999,-383.078125,-111.6328125,988
1000,-421.2421875,-148.1171875,988
1001,-442.3828125,-175.8515625,988
1002,-451.3046875,-197.9296875,988
1003,-453.4296875,-227.9101563,988
1004,-453.4296875,-245.4492188,988
1005,-442.7109375,-260.0664063,988
1006,-419.6992188,-278.0585938,988
1007,-386.6835938,-288.6210938,988
1008,-341.6523438,-294.4257813,988
1009,-274.9414063,-296.1835938,988
1010,-170.8515625,-291.0703125,988
1011,-112.4609375,-273.8320313,988
1012,-31.38671875,-243.5820313,988
1013,48.73828125,-200.7304688,988
1014,91.10546875,-166.6171875,988
1015,121.5390625,-134.5898438,988
1016,145.71875,-89.2890625,988
1017,150.9140625,-60.80078125,988
1018,153.7265625,-21.37109375,988
1019,153.7265625,8.24609375,988
1020,147.1835938,31.48046875,988
1021,138.2929688,43.92578125,988
1022,106.4960938,61.2578125,988
1023,82.9140625,63.7265625,988
1024,34.8046875,65.3984375,988
1025,-18.9140625,65.3984375,988
1026,-72.6328125,50.72265625,988
1027,-135.7460938,25.5,988
1028,-193.7617188,-4.3828125,988
1029,-222.75,-22.70703125,988
1030,-254.53125,-44.5390625,988
1031,-272.8867188,-62.796875,988
1032,-279.109375,-76.12109375,988
1033,-279.109375,-84.72265625,988
1034,-273.0664063,-94.3515625,988
1035,-249.3515625,-111.4609375,988
1036,-213.7929688,-126.421875,988
1037,-168.9414063,-138.3828125,988
1038,-112.1601563,-143.390625,988
1039,-48.87890625,-145.1484375,988
1040,14.40234375,-143.3867188,988
1041,81.7890625,-124.1054688,988
1042,126.640625,-109.1523438,988
1043,164.7382813,-93.57421875,988
1044,195.4804688,-82.1171875,988
1045,220.7226563,-72.9375,988
1046,241.9335938,-66.5703125,988
1047,261.3085938,-62.4921875,988
1048,279.0195313,-60.5390625,988
1049,294.8945313,-60.5390625,988
1050,309.1054688,-60.5390625,988
1051,324.0117188,-60.5390625,988
1052,336.8007813,-61.08203125,988
1053,344.2578125,-64.40625,988
1054,349.9375,-68.1875,988
1055,354.3515625,-73.8671875,988
1056,357.0429688,-81.66796875,988
1057,357.7578125,-91.5859375,988
1058,355.9804688,-104.3085938,988
1059,334.9960938,-127.7539063,988
1060,274.3046875,-158.9804688,988
1061,216.0234375,-177.875,988
1062,142.265625,-189.2109375,988
1063,64.8984375,-195.0117188,988
1064,-1.8203125,-195.0117188,988
1065,-44.07421875,-195.0117188,988
1066,-83.67578125,-193.6875,988
1067,-109.09375,-190.328125,988
1068,-128.4765625,-187.3125,988
1069,-140.4101563,-185.703125,988
1070,-152.1796875,-182.28125,988
1071,-155.75,-181.2734375,988
1072,-157.4257813,-180.5195313,988
1073,-158.0117188,-179.9335938,988
1074,-158.0117188,-179.6796875,988
1075,-158.0117188,-179.6796875,988
1076,-158.0117188,-179.4492188,988
1077,-158.265625,-179.1953125,988
1078,-158.265625,-178.9023438,988
1079,-158.265625,-178.6484375,988
1080,-120.8242188,23.89453125,988
1081,-83.08984375,45.71875,988
1082,-28.15625,73.1484375,988
1083,34.94921875,96.62109375,988
1084,101.6601563,116.4023438,988
1085,168.3710938,129.0664063,988
1086,235.0820313,132.7617188,988
1087,279.34375,132.7617188,988
1088,341.5429688,120.53125,988
1089,367.4570313,103.2578125,988
1090,381.2460938,85.2265625,988
1091,385.7460938,62,988
1092,386.890625,24.05859375,988
1093,379.0507813,-6.59375,988
1094,352.1328125,-43.96875,988
1095,284.8632813,-94.0859375,988
1096,192.6914063,-135.359375,988
1097,24.33203125,-180.4023438,988
1098,-51.5859375,-191.7460938,988
1099,-136.53125,-199.8320313,988
1100,-187.8398438,-201.765625,988
1101,-235.59375,-201.765625,988
1102,-263.0273438,-192.2382813,988
1103,-279.4023438,-180.0195313,988
1104,-288.1796875,-164.421875,988
1105,-291.8007813,-131.3828125,988
1106,-282.8320313,-76.10546875,988
1107,-255.2304688,-28.89453125,988
1108,-213.0429688,20.33203125,988
1109,-163.8242188,62.52734375,988
1110,-109.3320313,95.93359375,988
1111,-49.56640625,122.3085938,988
1112,11.95703125,141.6523438,988
1113,71.98828125,150.1835938,988
1114,125.6992188,151.8554688,988
1115,161.625,151.8554688,988
1116,213.2109375,130.3789063,988
1117,233.5820313,111.4179688,988
1118,251.46875,82.79296875,988
1119,254.90625,59.21875,988
1120,256.0507813,31.79296875,988
1121,256.0507813,2.18359375,988
1122,248.015625,-23.05859375,988
1123,227.9453125,-58.78515625,988
1124,201.9726563,-87.4765625,988
1125,168.9414063,-118.921875,988
1126,102.1171875,-158.3046875,988
1127,49.98046875,-174.4765625,988
1128,-3.73828125,-179.3085938,988
1129,-36.77734375,-179.3085938,988
1130,-72.34375,-167.0703125,988
1131,-99.21875,-149.1796875,988
1132,-124.921875,-117.4960938,988
1133,-139.3710938,-84.203125,988
1134,-148.609375,-36.44921875,988
1135,-150.3710938,61.9140625,988
1136,-148.078125,102.9335938,988
1137,-133.6523438,143.6679688,988
1138,-103.3125,184.1328125,988
1139,-72.9375,203.953125,988
1140,-45.8671875,214.3554688,988
1141,11.62890625,228.0742188,988
1142,62.26953125,229.6601563,988
1143,112.9101563,229.6601563,988
1144,193.4296875,208.4804688,988
1145,222.4101563,191.21875,988
1146,250.4101563,168.8515625,988
1147,267.1640625,146.2734375,988
1148,274.0429688,121.03125,988
1149,275.2734375,93.60546875,988
1150,268.9414063,53.48046875,988
1151,247.828125,13.02734375,988
1152,216.9609375,-25.39453125,988
1153,175.203125,-67.14453125,988
1154,108.390625,-120.5859375,988
1155,76.68359375,-138.546875,988
1156,41.28515625,-153.5625,988
1157,9.3046875,-161.3085938,988
1158,-20.3125,-162.5390625,988
1159,-43.546875,-161.4765625,988
1160,-61.5859375,-149.8046875,988
1161,-79.25390625,-133.1953125,988
1162,-98.8046875,-99.5625,988
1163,-109.8984375,-59.9609375,988
1164,-114.3867188,19.2578125,988
1165,-112.71875,76.046875,988
1166,-92.234375,123.703125,988
1167,-62.95703125,163.7148438,988
1168,-27.07421875,193.6210938,988
1169,-0.00390625,207.3828125,988
1170,38.6484375,223.4023438,988
1171,75.52734375,228.8632813,988
1172,109.8632813,230.1875,988
1173,164.1914063,229.2148438,988
1174,197.2070313,217.3320313,988
1175,226.6289063,202.0078125,988
1176,252.5429688,185.96875,988
1177,266.5390625,176.5625,988
1178,286.3945313,160.6679688,988
1179,296.5351563,151.328125,988
1180,307.7109375,139.1796875,988
1181,320.8945313,123.875,988
1182,335.7460938,106.90625,988
1183,348.6484375,88.78515625,988
1184,356.78125,70.77734375,988
1185,358.46875,58.0546875,988
1186,358.46875,51.5703125,988
1187,348.03125,45.15234375,988
1188,321.828125,35.54296875,988
1189,282.3984375,25.69140625,988
1190,237.5390625,15.2265625,988
1191,186.890625,4.15234375,988
1192,141.7578125,-5.71484375,988
1193,116.5078125,-10.30078125,988
1194,98.9609375,-12.24609375,988
1195,83.078125,-12.24609375,988
1196,68.859375,-12.24609375,988
1197,59.5625,-12.24609375,988
1198,49.63671875,-10.72265625,988
1199,41.02734375,-9.28515625,988
1200,32.41796875,-8.56640625,988
1201,26.09765625,-8.56640625,988
1202,19.3671875,-7.93359375,988
1203,17.23046875,-7.47265625,988
1204,16.64453125,-7.47265625,988
1205,16.64453125,-7.1796875,988
1206,16.64453125,-7.1796875,988
1207,16.64453125,-7.1796875,988
1208,16.93359375,-6.95703125,988
1209,17.51171875,-6.6640625,988
1210,18.63671875,-5.53125,988
1211,23.59375,2.68359375,988
1212,27.7734375,15.4140625,988
1213,33.24609375,38.6484375,988
1214,38.87890625,79.66796875,988
1215,40.37109375,127.421875,988
1216,40.37109375,181.140625,988
1217,40.37109375,216.1953125,988
1218,40.37109375,239.7773438,988
1219,38.41796875,257.4960938,988
1220,37.69921875,264.9609375,988
1221,36.7734375,268.1953125,988
1222,36.48046875,268.1953125,988
1223,36.2265625,268.1953125,988
1224,34.9921875,260.0664063,988
1225,33.9296875,234.65625,988
1226,33.9296875,189.625,988
1227,33.9296875,129.59375,988
1228,39.37890625,62.8828125,988
1229,48.87109375,-10.8671875,988
1230,56.4296875,-84.6171875,988
1231,64.2578125,-167.3789063,988
1232,69.00390625,-218.0195313,988
1233,73.3125,-257.6132813,988
1234,75.0859375,-272.5195313,988
1235,76.6875,-283.9257813,988
1236,76.6875,-288.4609375,988
1237,76.6875,-289.5,988
1238,76.6875,-289.7890625,988
1239,75.6171875,-288.0078125,988
1240,68.12890625,-269.484375,988
1241,60.95703125,-250.1015625,988
1242,53.0234375,-215.046875,988
1243,48.34375,-191.4648438,988
1244,44.375,-157.1210938,988
1245,39.4453125,-105.7617188,988
1246,36.453125,-60.90234375,988
1247,34.95703125,-16.04296875,988
1248,34.95703125,31.7109375,988
1249,34.95703125,64.50390625,988
1250,36.90234375,82.22265625,988
1251,39.59375,90.03125,988
1252,40.51171875,92.97265625,988
1253,40.88671875,94.01953125,988
1254,40.88671875,94.2734375,988
1255,40.88671875,94.2734375,988
1256,41.11328125,94.2734375,988
1257,41.36328125,94.0234375,988
1258,43.22265625,77.1015625,988
1259,47.44140625,17.265625,988
1260,-142.0117188,-8.421875,988
1261,-134.5546875,-4.375,988
1262,-117.9023438,4.484375,988
1263,-96.8828125,15.52734375,988
1264,-71.8359375,27.4375,988
1265,-44.6875,41.015625,988
1266,-17.5390625,53.359375,988
1267,21.27734375,68.7109375,988
1268,42.48828125,74.01953125,988
1269,60.02734375,76.94921875,988
1270,75.90234375,77.92578125,988
1271,91.77734375,77.92578125,988
1272,109.3164063,77.92578125,988
1273,123.5273438,72.59765625,988
1274,132.2695313,67.15625,988
1275,141.09375,59.9375,988
1276,147.1679688,46.3515625,988
1277,147.1679688,36.43359375,988
1278,144.2421875,20.55859375,988
1279,122.4023438,-11.21484375,988
1280,91.87109375,-43.14453125,988
1281,46.5078125,-79.88671875,988
1282,-14.41015625,-118.6484375,988
1283,-82.54296875,-152.5742188,988
1284,-149.2617188,-170.5039063,988
1285,-209.640625,-177.453125,988
1286,-244.1640625,-177.453125,988
1287,-268.8515625,-160.171875,988
1288,-289.5507813,-127.6875,988
1289,-293.6054688,-90.80078125,988
1290,-293.6054688,-43.046875,988
1291,-277.2578125,9,988
1292,-249.921875,63.94140625,988
1293,-213.9726563,112.0273438,988
1294,-182.7148438,137.375,988
1295,-106.484375,177.0351563,988
1296,-58.73828125,181.6132813,988
1297,-8.09765625,181.6132813,988
1298,42.54296875,173.703125,988
1299,93,152.5234375,988
1300,135.7226563,124.0390625,988
1301,178.0039063,88.17578125,988
1302,210.6171875,44.3125,988
1303,233.9960938,-9.125,988
1304,249.375,-100.796875,988
1305,251.1328125,-160.828125,988
1306,240.5742188,-207.078125,988
1307,212.1640625,-244.453125,988
1308,174.78125,-272.8554688,988
1309,119.6640625,-291.2226563,988
1310,56.1953125,-299.7460938,988
1311,-13.953125,-301.5898438,988
1312,-77.2421875,-294.5546875,988
1313,-129.2890625,-274.9492188,988
1314,-192.7734375,-230.71875,988
1315,-224.4296875,-189.5703125,988
1316,-244.921875,-141.9140625,988
1317,-250.9960938,-94.16015625,988
1318,-250.9960938,-60.0625,988
1319,-238.6875,-4.0546875,988
1320,-207.828125,32.8828125,988
1321,-167.1289063,68.66796875,988
1322,-117.0273438,97.06640625,988
1323,-64.98828125,116.671875,988
1324,17.11328125,131.4492188,988
1325,56.109375,133.1210938,988
1326,100.9609375,133.1210938,988
1327,157.4179688,118.1796875,988
1328,180.53125,103.3671875,988
1329,208.78125,77.19921875,988
1330,235.5976563,35.51953125,988
1331,247.8164063,-12.2265625,988
1332,252.5625,-62.8671875,988
1333,250.625,-137.4726563,988
1334,230.3867188,-175.296875,988
1335,198.359375,-204.234375,988
1336,155.1796875,-225.6875,988
1337,88.4609375,-240.0117188,988
1338,14.703125,-245.6367188,988
1339,-62.6640625,-245.6367188,988
1340,-100.6132813,-244.0507813,988
1341,-142.7578125,-232.4335938,988
1342,-178.375,-211.4414063,988
1343,-192.171875,-193.4023438,988
1344,-200.6601563,-173.2421875,988
1345,-206.4023438,-147.9921875,988
1346,-206.4023438,-118.375,988
1347,-206.4023438,-93.125,988
1348,-197.1171875,-74.80078125,988
1349,-183.9804688,-59.53515625,988
1350,-166.6367188,-48.29296875,988
1351,-147.2617188,-41.12109375,988
1352,-111.4140625,-36.61328125,988
1353,-83.98828125,-36.61328125,988
1354,-41.5,-36.61328125,988
1355,-2.078125,-46.46484375,988
1356,41.76171875,-61.4375,988
1357,71.4609375,-74.3046875,988
1358,103.15625,-91.47265625,988
1359,120.3125,-101.7421875,988
1360,135.6171875,-113.953125,988
1361,144.84375,-123.0117188,988
1362,145.7578125,-125.7695313,988
1363,145.7578125,-128.703125,988
1364,130.84375,-131.5390625,988
1365,111.4609375,-133.5703125,988
1366,60.8125,-133.5703125,988
1367,4.0234375,-133.5703125,988
1368,-52.765625,-133.5703125,988
1369,-95.01953125,-133.5703125,988
1370,-140.0585938,-135.1523438,988
1371,-182.4804688,-135.1523438,988
1372,-197.390625,-126.7226563,988
1373,-208.1171875,-112.0976563,988
1374,-213.5976563,-88.86328125,988
1375,-213.5976563,-63.61328125,988
1376,-210.9335938,-31.1796875,988
1377,-194.2851563,-1.75,988
1378,-172.5273438,23.8046875,988
1379,-146.1132813,47.5859375,988
1380,-118.3789063,68.7265625,988
1381,-62.23828125,95.75,988
1382,-37.96484375,101.4921875,988
1383,-8.35546875,107.6640625,988
1384,23.6171875,110.2226563,988
1385,51.04296875,110.2226563,988
1386,72.25390625,110.2226563,988
1387,89.79296875,105.3515625,988
1388,103.1171875,98.25,988
1389,117.1328125,88.9375,988
1390,131.5703125,77.70703125,988
1391,140.9101563,68.3671875,988
1392,148.1289063,58.7421875,988
1393,152.5976563,50.7734375,988
1394,158.7304688,39.8203125,988
1395,163.8007813,26.75,988
1396,165.0585938,20.265625,988
1397,166.4882813,11.6640625,988
1398,167.4609375,-2.72265625,988
1399,167.4609375,-15.4453125,988
1400,158.5703125,-35.875,988
1401,144.2304688,-50.12109375,988
1402,124.953125,-61.875,988
1403,103.734375,-70.359375,988
1404,63.6015625,-81.96875,988
1405,37.65625,-87.87890625,988
1406,-5.48046875,-101.140625,988
1407,-39.82421875,-114.34375,988
1408,-65.76953125,-123.8671875,988
1409,-139.40625,-149.6328125,988
1410,-170.6015625,-156.5859375,988
1411,-204.9453125,-161.8671875,988
1412,-234.7421875,-164.3320313,988
1413,-257.9765625,-164.3320313,988
1414,-275.6953125,-161.6640625,988
1415,-289.0273438,-154.5546875,988
1416,-299.1757813,-145.2070313,988
1417,-308.2382813,-133.5664063,988
1418,-316.5546875,-121.40625,988
1419,-320.9765625,-116.3515625,988
1420,-323.5390625,-113.328125,988
1421,-325.046875,-111.8203125,988
1422,-326.09375,-110.7734375,988
1423,-326.4726563,-109.7265625,988
1424,-326.8515625,-108.6796875,988
1425,-326.8515625,-108.09375,988
1426,-326.8515625,-107.8398438,988
1427,-326.8515625,-107.8398438,988
1428,-326.8515625,-107.8398438,988
1429,-327.0742188,-107.8398438,988
1430,-327.0742188,-107.5859375,988
1431,-327.0742188,-106.9921875,988
1432,-327.0742188,-105.3164063,988
1433,-323.6328125,-102.0390625,988
1434,-316.46875,-96.296875,988
1435,-305.4375,-88.640625,988
1436,-280.8203125,-75.48828125,988
1437,-257.8671875,-66.21484375,988
1438,-208.7265625,-50.70703125,988
1439,-174.390625,-44.09765625,988
1440,146.0546875,-4.73828125,988
1441,142.140625,-3.09375,988
1442,133.359375,-0.22265625,988
1443,108.109375,6.66796875,988
1444,83.828125,10.203125,988
1445,10.0390625,18.38671875,988
1446,-23,18.38671875,988
1447,-83.7421875,18.38671875,988
1448,-114.0664063,16.265625,988
1449,-148.4101563,5.703125,988
1450,-180.1132813,-8.8203125,988
1451,-206.9882813,-26.703125,988
1452,-228.4257813,-44.60546875,988
1453,-245.640625,-64.10546875,988
1454,-260.8632813,-90.296875,988
1455,-264.59375,-106.171875,988
1456,-264.59375,-118.8945313,988
1457,-264.59375,-133.1054688,988
1458,-253.359375,-149.3867188,988
1459,-236.0625,-168.9765625,988
1460,-216.5625,-186.1835938,988
1461,-194.765625,-201.0976563,988
1462,-154.4726563,-217.2851563,988
1463,-97.6015625,-224.671875,988
1464,-49.85546875,-226.1640625,988
1465,3.85546875,-226.1640625,988
1466,60.63671875,-217.8085938,988
1467,96.5625,-208.2929688,988
1468,133.4414063,-196.0546875,988
1469,165.3164063,-181.4335938,988
1470,185.2734375,-167.1171875,988
1471,200.578125,-152.8632813,988
1472,209.6914063,-134.453125,988
1473,217.4570313,-96.41015625,988
1474,218.6875,-64.59765625,988
1475,218.6875,-32.6171875,988
1476,212.7734375,-5.18359375,988
1477,208.3242188,8.5859375,988
1478,199.8242188,26.96484375,988
1479,190.2460938,41.33203125,988
1480,180.8984375,50.6796875,988
1481,166.875,59.109375,988
1482,136.2148438,70.65234375,988
1483,79.44140625,80.078125,988
1484,28.6171875,81.57421875,988
1485,-22.03125,81.57421875,988
1486,-74.078125,65.2265625,988
1487,-109.296875,50,988
1488,-163.5507813,18.69921875,988
1489,-196.984375,-10.328125,988
1490,-217.890625,-32.6328125,988
1491,-239.03125,-60.3671875,988
1492,-264.125,-113.203125,988
1493,-270.734375,-147.5390625,988
1494,-271.96875,-179.5117188,988
1495,-271.96875,-211.484375,988
1496,-264.578125,-239.7617188,988
1497,-250.2070313,-263.5742188,988
1498,-231.6757813,-281.9296875,988
1499,-201.9179688,-301.921875,988
1500,-165.0390625,-314.1523438,988
1501,-119.3632813,-325.5,988
1502,-34.01171875,-333.7617188,988
1503,22.76953125,-333.7617188,988
1504,86.05078125,-333.7617188,988
1505,121.9765625,-329.0117188,988
1506,177.1835938,-318.6132813,988
1507,216.7773438,-307.34375,988
1508,247.5195313,-294.5664063,988
1509,267.390625,-280.1640625,988
1510,280.5507813,-260.1992188,988
1511,287.0859375,-236.9648438,988
1512,293.1523438,-174.7539063,988
1513,293.1523438,-146.9726563,988
1514,293.1523438,-112.6289063,988
1515,292.0039063,-85.1953125,988
1516,289.7929688,-61.9609375,988
1517,288.9023438,-50.546875,988
1518,288.1835938,-40.62109375,988
1519,286.2851563,-34.30078125,988
1520,278.2226563,-23.453125,988
1521,259.1210938,-11.78125,988
1522,229.6914063,2.23046875,988
1523,190.2617188,16.31640625,988
1524,164.9375,22.6484375,988
1525,88.96484375,33.734375,988
1526,32.17578125,33.734375,988
1527,-21.54296875,33.734375,988
1528,-79.82421875,18.1796875,988
1529,-136.4335938,-5.8125,988
1530,-208.2539063,-54.2421875,988
1531,-234.6757813,-81.71484375,988
1532,-262.2148438,-116.6328125,988
1533,-282.6289063,-156.78125,988
1534,-291.8789063,-191.1171875,988
1535,-294.5234375,-225.453125,988
1536,-294.5234375,-257.4257813,988
1537,-293.3789063,-282.6679688,988
1538,-282.2539063,-304.7460938,988
1539,-268.4648438,-321.7148438,988
1540,-238.9609375,-341.3242188,988
1541,-203.2265625,-355.2265625,988
1542,-177.2890625,-361.1367188,988
1543,-122.5078125,-367.640625,988
1544,-71.69140625,-370.8007813,988
1545,-21.05078125,-370.8007813,988
1546,29.58984375,-366.0507813,988
1547,59.90625,-355.8242188,988
1548,115.6484375,-329.4414063,988
1549,164.6835938,-288.046875,988
1550,180.1210938,-265.7148438,988
1551,204.7382813,-217.8710938,988
1552,211.9492188,-175.7265625,988
1553,214.9335938,-130.8671875,988
1554,214.9335938,-80.21875,988
1555,209.296875,-45.1640625,988
1556,200.84375,-5.5625,988
1557,193.1757813,26.41796875,988
1558,188.0976563,39.49609375,988
1559,179.515625,58.6953125,988
1560,166.6679688,72.34375,988
1561,151.671875,79.80078125,988
1562,129.7539063,85.62890625,988
1563,100.1367188,89.33203125,988
1564,62.96875,91.00390625,988
1565,22.55078125,91.00390625,988
1566,-11.79296875,81.76171875,988
1567,-41.22265625,68.9921875,988
1568,-79.20703125,41.23828125,988
1569,-98.3515625,19.80859375,988
1570,-114.9179688,-8.37890625,988
1571,-130.2265625,-52.265625,988
1572,-137.4453125,-94.40234375,988
1573,-140.6171875,-145.0429688,988
1574,-140.6171875,-184.0390625,988
1575,-140.6171875,-226.1757813,988
1576,-140.6171875,-263.0546875,988
1577,-133.1953125,-299.0703125,988
1578,-121.53125,-318.1640625,988
1579,-106.6796875,-335.1328125,988
1580,-90.76953125,-351.0429688,988
1581,-77.12890625,-364.6835938,988
1582,-62.51171875,-375.4023438,988
1583,-54.109375,-380.0429688,988
1584,-45.5078125,-383.625,988
1585,-40.16796875,-384.796875,988
1586,-37.41015625,-385.2539063,988
1587,-34.53125,-385.2539063,988
1588,-32.14453125,-382.859375,988
1589,-29.41796875,-379.03125,988
1590,-26.14453125,-375.75,988
1591,-24.30859375,-372.984375,988
1592,-23.18359375,-371.4765625,988
1593,-22.60546875,-370.890625,988
1594,-22.60546875,-370.3046875,988
1595,-22.60546875,-369.2578125,988
1596,-22.60546875,-367.75,988
1597,-22.60546875,-359.2421875,988
1598,-22.60546875,-348,988
1599,-22.60546875,-330.453125,988
1600,-22.60546875,-305.203125,988
1601,-25.6875,-257.09375,988
1602,-28.24609375,-224.0546875,988
1603,-31.06640625,-184.625,988
1604,-32.390625,-150.28125,988
1605,-34.171875,-135.3671875,988
1606,-34.171875,-115.1796875,988
1607,-34.171875,-107.7148438,988
1608,-34.171875,-103.3398438,988
1609,-34.71875,-98.96484375,988
1610,-35.3515625,-91.5,988
1611,-35.3515625,-85.0078125,988
1612,-36.0703125,-77.54296875,988
1613,-36.6171875,-73.16796875,988
1614,-36.99609375,-71.03125,988
1615,-36.99609375,-70.4453125,988
1616,-36.99609375,-70.15234375,988
1617,-36.99609375,-70.15234375,988
1618,-36.99609375,-73.53125,988
1619,-36.99609375,-84.9375,988
1620,136.0703125,-2.83984375,988
1621,130.4492188,7.59765625,988
1622,124.2265625,20.9296875,988
1623,115.7070313,45.5859375,988
1624,110.5703125,64.96875,988
1625,105.3476563,86.3671875,988
1626,99.77734375,109.6015625,988
1627,94.83984375,139.21875,988
1628,87.43359375,168.8359375,988
1629,81.0859375,200.8164063,988
1630,75.9453125,219.9296875,988
1631,70.3515625,235.8125,988
1632,64.953125,246.78125,988
1633,63.4453125,248.2890625,988
1634,62.3984375,248.5820313,988
1635,61.3515625,248.5820313,988
1636,58.875,246.3984375,988
1637,50.359375,232.0390625,988
1638,38.70703125,207.859375,988
1639,20.3125,171.0820313,988
1640,1.3203125,123.6054688,988
1641,-10.40234375,90.57421875,988
1642,-24.3125,33.984375,988
1643,-25.63671875,2.01171875,988
1644,-25.63671875,-25.4140625,988
1645,-23.171875,-52.83984375,988
1646,-14.6875,-74.05078125,988
1647,-3.65234375,-95.0703125,988
1648,5.66015625,-109.0859375,988
1649,15.328125,-121.046875,988
1650,23.3515625,-129.8710938,988
1651,35.38671875,-144.3085938,988
1652,42.94921875,-155.3398438,988
1653,47.24609375,-162.3359375,988
1654,50.0546875,-166.8710938,988
1655,51.4296875,-169.6289063,988
1656,52.0078125,-170.2070313,988
1657,52.0078125,-170.2070313,988
1658,52.0078125,-169.0234375,988
1659,51.1171875,-156.2929688,988
1660,47.0390625,-136.9101563,988
1661,37.0859375,-78.71875,988
1662,32.14453125,-48.39453125,988
1663,27.0390625,6.39453125,988
1664,24.48046875,39.43359375,988
1665,23.0703125,81.578125,988
1666,21.66015625,118.4648438,988
1667,21.66015625,145.8984375,988
1668,21.66015625,160.2929688,988
1669,21.66015625,173.0234375,988
1670,20.39453125,182.5039063,988
1671,19.47265625,185.2695313,988
1672,17.96484375,186.7773438,988
1673,15.19921875,187.6992188,988
1674,8.70703125,187.6992188,988
1675,-1.21875,187.6992188,988
1676,-14.265625,178.3007813,988
1677,-37.52734375,153.640625,988
1678,-57.34765625,123.265625,988
1679,-74.76953125,84.03515625,988
1680,-88.859375,31.29296875,988
1681,-96.25,-32.70703125,988
1682,-96.25,-67.75390625,988
1683,-96.25,-109.890625,988
1684,-92.02734375,-149.3125,988
1685,-84.88671875,-176.7382813,988
1686,-76.39453125,-195.7421875,988
1687,-67.140625,-205.9726563,988
1688,-55.22265625,-211.84375,988
1689,-25.0625,-213.7890625,988
1690,-3.8515625,-213.7890625,988
1691,22.34375,-206.46875,988
1692,47.390625,-193.4101563,988
1693,69.1875,-178.4882813,988
1694,85.7890625,-160.8203125,988
1695,97.453125,-141.71875,988
1696,104.3359375,-116.46875,988
1697,106.7109375,-89.03515625,988
1698,106.7109375,-43.46875,988
1699,98.15234375,4.734375,988
1700,86.26171875,37.7578125,988
1701,74.78515625,60.88671875,988
1702,63.62890625,77.26171875,988
1703,51.47265625,88.4453125,988
1704,36.4765625,94.92578125,988
1705,18.7578125,97.765625,988
1706,-6.4921875,97.765625,988
1707,-31.7421875,97.765625,988
1708,-66.453125,85.32421875,988
1709,-89.40625,71.55859375,988
1710,-110.9296875,52.51171875,988
1711,-137.5078125,18.02734375,988
1712,-146.3476563,-2.65234375,988
1713,-154.3828125,-27.89453125,988
1714,-155.4453125,-51.12109375,988
1715,-155.4453125,-70.49609375,988
1716,-147.1328125,-87.75,988
1717,-130.1640625,-101.5390625,988
1718,-79.796875,-122.5,988
1719,-37.66015625,-128.3007813,988
1720,-4.62890625,-132.3476563,988
1721,59.37109375,-134.28125,988
1722,90.56640625,-134.28125,988
1723,125.0820313,-134.28125,988
1724,152.5078125,-130.75,988
1725,173.71875,-124.3828125,988
1726,191.4296875,-116.5820313,988
1727,207.2773438,-106.0546875,988
1728,217.3046875,-94.4140625,988
1729,220.8554688,-80.1953125,988
1730,222.0859375,-52.76171875,988
1731,219.2695313,-13.33203125,988
1732,201.7695313,35.8203125,988
1733,183.7226563,77.18359375,988
1734,164.8046875,116.421875,988
1735,145.6796875,143.296875,988
1736,129.7617188,159.2148438,988
1737,97.06640625,173.53125,988
1738,69.6328125,178.3828125,988
1739,24.06640625,178.3828125,988
1740,-19.390625,166.078125,988
1741,-63.26171875,133.4648438,988
1742,-106.6875,93.3828125,988
1743,-132.046875,64.84765625,988
1744,-156.859375,28.60546875,988
1745,-170.2460938,-4.5,988
1746,-175.0976563,-46.73046875,988
1747,-174.0390625,-69.95703125,988
1748,-161.9414063,-90.9765625,988
1749,-145.25,-108.9023438,988
1750,-125.3789063,-123.296875,988
1751,-89.64453125,-137.4609375,988
1752,-52.765625,-144.234375,988
1753,-7.08984375,-150.828125,988
1754,43.55078125,-152.4101563,988
1755,79.4765625,-152.4101563,988
1756,149.3515625,-149.484375,988
1757,183.6875,-137.59375,988
1758,209.6015625,-121.546875,988
1759,229.1015625,-104.3320313,988
1760,242.2851563,-89.01953125,988
1761,249.3632813,-69.63671875,988
1762,254.4726563,-42.8125,988
1763,254.4726563,-13.1953125,988
1764,254.4726563,34.9140625,988
1765,246.7148438,84.953125,988
1766,239.046875,116.9335938,988
1767,231.8984375,144.3671875,988
1768,223.40625,165.5859375,988
1769,215.40625,178.9179688,988
1770,201.7578125,191.59375,988
1771,187.5390625,198.703125,988
1772,168.15625,203.7539063,988
1773,133.6328125,205.1640625,988
1774,83.4375,191.9570313,988
1775,47.1875,168.6484375,988
1776,20.92578125,149.3476563,988
1777,-26.46875,107.7617188,988
1778,-52.59765625,74.3359375,988
1779,-66.72265625,50.69140625,988
1780,-79.5859375,20.0390625,988
1781,-90.14453125,-22.44921875,988
1782,-90.14453125,-50.22265625,988
1783,-90.14453125,-82.1953125,988
1784,-83.98046875,-128.9726563,988
1785,-72.85546875,-151.0507813,988
1786,-59.06640625,-169.0820313,988
1787,-40.2578125,-184.5390625,988
1788,-15.2109375,-196.4414063,988
1789,23.33203125,-209.6328125,988
1790,51.8125,-214.828125,988
1791,86.1484375,-218.7890625,988
1792,120.484375,-220.109375,988
1793,150.09375,-220.109375,988
1794,177.6210938,-217.609375,988
1795,193.3984375,-211.7539063,988
1796,209.171875,-203.8632813,988
1797,217.6289063,-196.3710938,988
1798,222.6445313,-188.4804688,988
1799,226.0195313,-175.75,988
